gene,entrez_gene_id
LOC100750376,100750376
Ttc21a,100756261
Rfc5,100753174
Rab43,100764956
Rtkn,100762847
Dnah10,103161549
Hdhd5,100757691
Rbm15b,100773793
Zcchc14,100769526
Hoxd8,100758537
LOC100758113,100758113
Fam149b1,100761680
LOC100766443,100766443
Vps13d,100755898
Sipa1,100762087
Oxgr1,100761985
Cpped1,100754184
Ccnk,100769288
Ints3,100768339
Rnf10,100755177
LOC100689010,100689010
E2f3,100754647
Rab39a,100770178
Tmem185a,103163527
Galnt7,100762043
LOC100759771,100759771
LOC100759587,100759587
Gapdh,100736557
Stk19,100768271
Znf292,100767857
LOC100750903,100750903
Vps8,100754231
Hsdl2,100769693
LOC118239205,118239205
Med11,100768888
Hmces,100763397
LOC100757481,100757481
LOC103162746,103162746
Ccnb1,100770842
Etv1,100758498
LOC100771510,100771510
Il9r,100759467
Ubr3,100772607
Dnajc6,100756272
Cdkn1a,103160601
Arhgap1,100754369
Tmem199,100758701
Rtl6,107977059
Adgrf4,100770639
Bcor,100767711
Flrt3,100771316
Pde6b,100766007
Mrpl11,100761388
Farsa,100763673
Supv3l1,100765993
Rpl32,100770845
Ucn,100766070
Cdkn2aip,100755619
Elk3,100689475
LOC100774067,100774067
Slc7a5,100768667
LOC103158860,103158860
Apip,100774834
Pofut1,100753417
Myrfl,100760130
Wdr76,100753189
Lrrc28,100769663
Ube2n,100752830
LOC100770841,100770841
Fam151b,100761480
Uxs1,100763471
Dse,100775050
Adck2,100771195
Kank2,100756045
LOC100751635,100751635
LOC113834001,113834001
Plod3,100768993
LOC100755444,100755444
Dcun1d3,100752469
Pcyox1l,100758588
Trmt1,100765046
Hspa4l,100774014
Ppt1,100750408
LOC100764224,100764224
Tap2,100752033
LOC113838144,113838144
Ahsa1,100760684
Gemin8,100765564
Kif18b,100765148
Slc25a12,100768097
Epha3,100768107
Fam83e,100756463
LOC113838228,113838228
Dtd1,100765967
Ppp4r1,100757531
Zswim8,100762983
Tmbim1,100750818
LOC100770865,100770865
Gusb,100757362
Polr2k,100762645
LOC100771168,100771168
Cblb,100774600
LOC100764653,100764653
Dgcr2,100772062
Osbpl2,100754515
LOC100766063,100766063
LOC113831379,113831379
LOC100772545,100772545
Cep85,100768859
LOC100768787,100768787
Agtrap,100774061
Hunk,100765960
LOC100770926,100770926
Maml3,100767462
Emsy,100774400
B9d1,100774531
Ttbk1,100756759
Wipf1,100756222
Rcc1,100769945
Sertad1,100763975
Armcx1,100773690
Ptprb,100764837
Sass6,100772023
Evi5,100769964
Nras,100757614
Vopp1,100767477
Acbd4,100759909
Sorcs1,107977002
Csmd2,100755548
Cmtm7,100768605
Ap4e1,100751812
LOC100751845,100751845
Dusp1,100769474
Cacnb4,100765888
Dohh,100771021
Nepro,100773001
LOC113837248,113837248
Tp53tg5,100764961
LOC100756996,100756996
LOC100771648,100771648
Mmp12,100754279
Parp2,100753655
Sdc1,100689057
Col11a2,100766812
Sec16a,100760133
Zpbp,100753352
Hmox2,100773727
LOC100757234,100757234
Gna12,100760944
Ccdc122,100770045
Chn2,100757437
Agl,100772306
Def6,100757712
Zdhhc7,100771824
Kifc1,100752355
Serhl2,100752540
Clock,100770092
Gipc1,100753328
Nemp1,100762649
Slc6a11,100752493
Rpusd2,100752640
S100a13,100769763
Znf212,100763250
Rusc1,100754395
Bcl2l13,100754898
Tm9sf4,100754311
LOC100766101,100766101
Ppfia2,100773734
Dgkd,100771821
C2H18orf21,100767460
Drc7,100764290
Vps26a,100766289
Ada,100756254
LOC100770129,100770129
Adamts6,100760416
Med30,100751133
C2cd3,100760339
Repin1,100765133
Spred2,100752293
Washc4,100772083
Zranb1,100769882
Slc17a7,100756172
Vps9d1,100753080
LOC113837018,113837018
Fam114a1,100762494
Snw1,100759596
Gnpat,100765024
Synm,100769976
Rtkn2,100755093
Jrk,100765280
Dffa,100762210
Trmu,100759274
Erh,100758434
Pdcl3,100755176
Galnt10,100768523
Mnat1,100770765
Nxpe3,100758955
Tcf25,100760643
Znf511,100771235
Msmp,100755181
Trim47,100758005
Rfesd,100758548
Faim,100771101
Sugp2,100754204
Fmnl1,100765726
Lipa,100759060
Bach1,100770017
LOC100767241,100767241
Man1a1,100767553
Adgrd1,100753766
LOC100769895,100769895
Pole,100774671
LOC100762380,100762380
Arl6ip6,100774425
LOC100770405,100770405
LOC100753862,100753862
Sp1,100767199
Phldb3,100770079
B3galt6,100767598
Cd109,100757414
Dipk1c,100775103
Retreg2,100774602
Stt3a,100751391
Bphl,100761605
Tmem222,100760724
Arl3,100757638
LOC100754741,100754741
LOC100759693,100759693
Fads3,100757171
Slco3a1,100760145
Pde1a,100762910
L3mbtl2,100751536
Otud7b,100760086
Pds5a,100764706
LOC100761689,100761689
Fam83d,100761533
Flnc,100751994
Malt1,100770557
Nlrp1,100756113
Tmcc3,100765845
LOC103163303,103163303
Mark2,100769644
Wdtc1,100768446
Trim56,100769853
Wnt7a,100772978
Acyp1,100755378
LOC100750478,100750478
Igsf21,100770461
LOC113837906,113837906
LOC118239308,118239308
Ccdc137,100765099
LOC113837244,113837244
Dock6,100769954
Vrk2,100760968
Pogz,100771470
Hmox1,100756872
Rdh14,100757118
Ttc14,100750788
LOC100773501,100773501
Ssx2ip,100759551
Usp5,100757368
Ctnna1,100754399
LOC113837157,113837157
Fmod,100765932
Maf1,100765064
LOC107977037,107977037
LOC113837258,113837258
Lrig1,100751692
Ildr2,100772155
Eif3a,100752118
Map3k5,100752376
LOC113832273,113832273
LOC103158664,103158664
Kif6,100770243
Snx7,100760647
LOC100758361,100758361
Mst1r,100758551
Trim16,100753576
Wnt9a,100764466
Tmx2,100755000
Plxdc2,100751934
Ccdc25,100756157
LOC118237610,118237610
Fam133b,100764219
LOC100774845,100774845
Dock11,100771666
Eif4g1,100770567
Gpank1,100763325
LOC100750719,100750719
Hnrnpdl,100767030
Vstm4,100757651
Mrpl39,100758085
Sfmbt2,100761982
Pecam1,100774872
Tspan10,100755151
B4galt1,100689430
Chd4,100754178
Esr2,100763291
Spag5,100761908
LOC103159046,103159046
Rassf8,100758676
Abhd18,100772269
Pttg1,100765630
Bad,100760426
Hspg2,100689041
Grin2b,118239276
Spata2l,100761797
Enc1,100751664
Rpp38,100753092
Eif2d,100759038
LOC100761655,100761655
Slc35d1,100751278
Tmem63a,100751086
Khdc4,100764357
Ipo9,100756041
Snx12,100756869
Vcp,103161970
Adpgk,100754978
LOC100774812,100774812
Stard10,100774406
Tnfaip6,100772105
LOC100769162,100769162
Inka1,100759700
LOC100757289,100757289
Jchain,100774033
Pkib,100751859
Cetn3,100765724
Inpp1,107977052
Eif3j,100765691
Chtf18,100761649
Lnx2,100758134
Fyttd1,100763912
Neu1,100689373
Optc,100765351
Ccdc32,100752939
Rps6ka1,100770849
St13,100763998
Znf14,100762018
Scn7a,100751078
Glyctk,100766079
LOC113830922,113830922
Kcnj5,100766874
CUNH5orf15,100765503
Plcxd1,113836610
Eid3,100771887
Cdipt,100750801
Polr1d,100757843
Snrnp40,100761430
Copg2,100758528
Sybu,100769191
LOC107977518,107977518
Sytl4,100770139
LOC100766020,100766020
Ankh,100771094
LOC100774208,100774208
Braf,100771486
Bmf,100761166
Elp2,100764459
LOC100773725,100773725
Faah,100771171
Mnd1,100772049
LOC100762404,100762404
Abhd14a,100765996
B3galnt1,100756438
Zfyve28,100771033
Anxa4,100771507
Kdm3a,100771108
Hnrnpa1,100769923
LOC100754882,100754882
Tmem214,100761817
Il16,100767901
LOC113837107,113837107
Eml6,100763779
Vasp,100756352
LOC100770307,100770307
Tmem161a,100764636
Zfp36l1,100759015
LOC100764079,100764079
Thap11,100753517
Crabp2,100753208
Scaf1,100767426
Il17ra,100754214
Prrt1b,107977233
Rras,100766263
Yars2,100751113
Cnnm3,100772518
Gpr137b,100764875
Wdr5,100768958
Atr,100766256
Clptm1,100752525
Lyrm7,100758737
Bpifc,100752136
Ifih1,100767593
Msi2,100761137
Stk10,100769190
Thsd7b,100771852
Tent5d,100755293
Dhdh,100753544
Apom,100763606
Oxct1,100766113
Hs6st2,100763313
LOC100763161,100763161
LOC118237711,118237711
LOC100752904,100752904
Mpdz,100752160
Grsf1,100751594
Pgap3,100689454
Arhgef40,100758097
Plekho2,100752155
Tctn1,100750362
Pltp,100771770
LOC113831527,113831527
Slc25a32,100689360
Fgd4,100756483
LOC113837892,113837892
Tifa,100754946
LOC118240025,118240025
LOC118237693,118237693
Ube3d,100763546
Gzmm,100764748
Phf10,100773896
Sdhaf2,100772110
Znf207,118239910
Aars1,100766178
Tgfb1i1,100771750
Vegfc,100753419
Tmem94,100769338
Ndufa10,100767451
Gk,100753140
Rffl,100765673
Ptpn6,100758996
P4hb,100689433
Fuz,100772773
Slc16a14,100752961
Aldh7a1,100756509
Eri3,100756117
Znf354c,100768981
Scyl1,100770964
Bag1,100759550
Znf638,100769635
Slc16a1,100775004
LOC100759356,100759356
Smim1,100773764
Tgfbr3,100768238
Tmem175,100767371
Znhit6,100767047
LOC100765383,100765383
Tbc1d24,100771614
Pthlh,100758030
Rundc1,100752621
Fjx1,100756899
Tmem128,100773666
Cmas,100773134
Skp2,100771396
Slc35c1,100689382
Pick1,100754727
LOC100765209,100765209
Ulk3,100755048
LOC100764999,100764999
Casp9,100689370
Etv5,100756646
LOC100762538,100762538
Trpc1,100689206
Shisa4,100763467
Hagh,100765715
Cfap206,100765244
Rrp15,100750619
LOC100755487,100755487
Tarbp2,100765450
Itm2c,100750451
Kdr,100756294
LOC100750406,100750406
Upp1,100752663
Wdhd1,100753715
C3H5orf24,100767072
Dnm1,100753867
Plgrkt,100758605
Xrcc3,103161145
Esd,100774799
LOC118237660,118237660
Exoc7,100754030
Macir,100769115
Gga1,100755306
LOC103160504,103160504
LOC100752761,100752761
LOC100771356,100771356
LOC103162686,103162686
Actn4,100766890
LOC113837181,113837181
Rnf223,100766441
Cbx3,100689443
Dmwd,100757796
Socs7,100763757
LOC100764003,100764003
Angptl7,100755713
Rnf31,100760689
Cdc25a,100767961
Mdc1,100756160
Bicdl2,100767692
Cfap298,100756882
Zfp1,100769427
Casq1,100762901
LOC113831623,113831623
Btrc,100750426
LOC100764807,100764807
Psmd8,100764857
Atp7a,100689242
Il36b,100773970
Frk,100751157
CUNH15orf40,100770476
Rab2a,100757745
Fam3c,100764415
Zc3h14,100771191
Plcxd2,100763459
LOC100769173,100769173
Psmg3,100763268
Tceal1,100764535
Tmem232,100757866
Pde12,100769630
Znf668,100755125
Ube4b,100771525
Smarca1,100750368
Ebna1bp2,100769390
Sppl3,100774388
Wasl,100757697
LOC100752255,100752255
Kcnn4,100768359
Slc39a2,100752281
Washc1,100755011
Arhgef17,100753083
LOC103159048,103159048
Nod1,100758777
Eif1ax,100750661
Clasp1,100756713
Hspb8,100754642
Mrpl27,100759321
LOC103159932,103159932
LOC100750843,100750843
Rpe,100756130
Tmem101,100752919
Ccdc90b,100751582
Htd2,113832350
Gja5,100751822
LOC113838636,113838636
LOC107976993,107976993
LOC100758306,100758306
Fzd6,100774509
LOC100774912,100774912
Sox8,100774670
Prkacb,100767097
Ctso,100767833
Ahsa2p,100756374
Arap3,100752046
CUNH2orf49,100762312
LOC100772196,100772196
Wdr43,100760947
Mogat1,100761111
Atp6v0c,100772184
Ecsit,100753611
Fasn,100689207
Rpl10a,100765562
Syn2,100754325
Pfdn2,100766028
Rapgefl1,100774035
LOC113839093,113839093
Arhgef19,100752548
LOC107978727,107978727
Ei24,100753150
Ankrd13b,100757903
Lmna,100757316
Colgalt1,100774081
LOC113837239,113837239
LOC113833667,113833667
LOC100760824,
Atox1,100760386
Kndc1,100770095
Kptn,100765362
Atxn2,100772811
Ccdc34,100752060
Fam20c,100771796
Bbs12,100755190
LOC103161076,103161076
Tmem171,100758368
LOC100767904,100767904
Zbtb8os,100758163
Erbb2,100759983
LOC100752064,100752064
Piwil2,100767809
Sema4b,100772904
Tmem207,100751504
Ubap2l,100761650
LOC100769134,100769134
Atg12,100760609
Unkl,100764253
Klhl18,100765054
Ninl,100764839
E2f4,100765561
Slc11a1,100752157
Ang,100755402
Slit1,100756902
Hspb6,100774774
B2m,100689409
C1H12orf73,100773036
Lgals9,100769340
Pbdc1,100763510
Jade1,100772857
LOC100771607,
Chst12,100762689
Morc3,100753438
LOC100757711,100757711
Ttc4,100751794
Hook1,100766023
Cpox,100772187
Cnp,100753220
LOC103160018,103160018
Sema3f,100755077
Nbr1,100771299
Xrcc6,100770214
LOC100757182,100757182
Dap3,100771966
LOC103160763,103160763
Slc25a15,100773024
Urgcp,100768349
LOC100772218,100772218
Plekha6,100767864
Prkar2b,100766449
Arl4c,100772909
Bag3,100758034
Slc25a37,100772406
Alad,100752314
Pla2r1,100768806
Afap1,100767632
Tet2,100769811
Serinc3,100755676
Nisch,100754172
Haus5,100751456
Hivep1,100768788
Acbd3,100773815
Sod2,100760320
Gna11,100689065
Fndc3b,100755546
Meis3,100765943
Pgap4,100754890
Rgl3,100769085
Fam171a1,100756305
Epn2,100774824
Slk,100765772
Tmpo,100759640
LOC100763162,100763162
LOC100751467,100751467
Dip2a,100763951
LOC100764744,100764744
Ppm1b,100761807
LOC100758702,100758702
Rbms1,100767838
Mmp13,100759377
Cntnap3c,100759554
LOC100773571,100773571
Ankrd33,100765182
Mrps9,100761439
Creld1,100757184
Hpse2,100762007
LOC103164476,103164476
Slc25a27,100758598
Hspb11,100764905
LOC103158866,103158866
Mrpl41,100753662
Dusp19,100757499
Ip6k2,100759816
Nat9,100774051
Ccdc152,100763254
LOC100751818,100751818
Oprd1,100762884
Mastl,100770735
Tmem244,103163001
Dtymk,100755252
Tyrobp,100772456
Gfm1,100757634
Ticam2,100758290
Psph,100755202
Sh3gl1,100767945
Fbrs,100754050
Tmem50a,100752566
Frs3,100770465
Oip5,100763649
Psma8,100769387
LOC100766960,100766960
LOC100757817,100757817
LOC100765487,100765487
Mindy2,100757261
Cop1,100754677
LOC100768488,100768488
LOC103164540,103164540
LOC100750500,100750500
Ifnar1,100768581
Xrcc5,100689306
Cc2d1b,100754941
Vta1,100772345
Fbxo11,100771372
LOC103162898,103162898
Dvl1,100770288
Pnpt1,100766803
LOC118239383,118239383
Tmx3,100771411
Ampd3,100758386
Dot1l,100771005
LOC100761106,100761106
Atp2c1,100765106
Wdr55,100755022
Carf,100768109
Fam214a,100753759
Trmt61a,100757200
LOC103163646,103163646
LOC107978571,107978571
LOC100758111,100758111
Ptprm,100761852
Fus,100756868
Hipk4,100763406
Gstz1,100764455
LOC100759860,100759860
Tdp1,100769476
LOC100752389,100752389
Dclre1a,100750521
Nubp2,100752903
Mtfr2,100773374
Plpp2,100774295
Pla2g4a,100750927
B4galt5,100689347
Efcc1,107980167
Isg15,100772582
Nudt6,100757134
Wdr13,100765056
LOC100762258,100762258
Med16,100763586
LOC113838480,113838480
Per1,100753886
Cnksr3,100774635
LOC100768684,100768684
Tlr1,100759973
Abcd2,100758232
LOC103160274,103160274
Cnot4,100761964
Slc7a3,100771829
Nubp1,100767724
LOC113831209,113831209
LOC113837539,113837539
Rom1,100752645
Txndc12,100753389
Usp6nl,100770492
LOC100774623,100774623
Atg10,100773027
Pck2,100762618
Ripk1,100761116
Lck,100759316
Smim14,100765001
Tpra1,100768331
Arid4a,100760045
Kyat3,100771070
LOC113836365,113836365
Tbc1d25,100765348
Tfpt,100765274
Ppip5k1,100767441
Prkx,100756471
C1H14orf119,100770164
Ccdc13,100766977
Fign,100751083
Sez6l,100773338
Trpc3,100689209
Abcb11,100762480
Dnai4,100751860
Cradd,100751661
Myo1d,100773950
Mamdc4,100761809
Eif3h,100751998
Gpsm2,100766054
Map2k5,100760095
LOC100766498,100766498
Zcrb1,100769243
Fam133a,100750880
Sec24c,100757844
Amotl1,100754241
Tmem134,100764493
Ipo5,100764714
Agpat1,100758206
Itm2b,100751459
Lypla2,103164050
Edem1,100689456
Gdnf,100773138
LOC100765471,100765471
Gpsm1,100758972
Clec4e,100773355
Szt2,100766694
Rps6ka3,100750954
Ndst2,100758914
Skiv2l,100768851
Tmem40,100769883
Ighmbp2,100754637
Dcakd,100759055
Hook2,100762520
LOC100766209,100766209
Gmpr,100765304
LOC113834684,113834684
LOC100756417,100756417
Marchf3,100752992
Pip5k1c,100772168
Pelp1,100775022
Capn9,100766480
Nudt4,100753131
Vps45,100760381
Cracr2b,100754254
Galntl6,100761752
Plekhh1,100761047
Srpk2,100759043
Uba6,100761596
Fam102a,100756559
Ccnd2,100771544
Kif13a,100762096
Reep3,100775039
Kars1,100766627
Elp1,100767755
Ric8a,100769942
Pcyox1,100774789
Col11a1,100768858
Slc38a4,100769795
Pitpnm3,100760116
Slc5a9,100758999
LOC103164288,103164288
Pde4a,100759696
LOC100773893,100773893
Naa40,100754917
Postn,100770667
Kitlg,100752139
Jaml,100767539
Kansl3,100770226
Ssb,100689103
CUNH17orf49,100764322
Rtn4rl1,100772121
Rars2,100768428
Itgb4,100756849
Egfl8,100766819
LOC100758807,100758807
Gngt2,100754408
Pde3b,100775064
Uba2,100764381
Rbmx,100762511
Ubxn7,100761607
Polr1f,100771937
Rhof,107977057
Herc6,100767771
Sobp,100774735
Znf697,100771206
LOC103162235,103162235
Copz1,100769319
Dnajc25,100756280
Stk11ip,100767028
Mttp,100759278
Dmap1,100756406
Tbc1d8b,100761774
LOC100762656,100762656
Echs1,100754654
Ndrg2,100752580
Rps27a,100765052
Arhgap15,100765262
Cdk3,100759733
Ttyh2,100751505
Wac,100770036
Flt1,100761329
CUNH1orf100,100766789
Gigyf2,100773834
Cfap410,100761839
LOC100771207,100771207
LOC100772652,100772652
Itgb5,100765378
Lancl2,100763111
Tfpi,100760115
Robo1,100771010
LOC100760259,100760259
LOC100774695,100774695
Fkbp5,100760904
Hspa1a,100760510
LOC113832440,113832440
Dagla,100756392
LOC100758036,100758036
LOC100753518,100753518
Myo1c,100759064
Gpld1,100759513
LOC100772092,100772092
Cpne2,100759144
Mrps23,100761716
Nfkbia,100754153
Abcc10,100757623
Cd22,100752625
Hyal2,100752414
LOC100763852,100763852
Dpysl3,100755197
LOC100759832,100759832
Ppp1r27,100766770
Ncapg,100767775
Pnpla6,100771798
Cnbd1,100763226
LOC100768583,100768583
Lrit3,100761629
Spock3,100761920
Ribc1,100757973
Tmem268,100774007
Rchy1,100754452
Paip2,100755774
Tank,100764984
Ctdp1,100764255
Znf394,100752349
Setd5,100753475
LOC100766499,100766499
LOC100770072,100770072
Plekha7,100755763
Spen,100754338
Carm1,100771088
Hoxc10,100764281
LOC100760102,100760102
Asb5,100752543
LOC100752165,100752165
Trir,100761069
Kctd18,100751064
Rad18,100758311
LOC100773668,100773668
Snap29,100756340
Tpt1,100770904
Nek11,100764820
Entpd5,100751454
Rprm,100756380
Alcam,100774312
LOC100761879,100761879
Ss18l2,100771870
Ctsd,100766628
Anp32b,100767552
Rbms2,100763596
Lgr6,100762015
Wdr6,100765288
Hdac3,100752639
Cbl,100754737
Stox2,100756787
Zkscan7,100764643
LOC100761223,100761223
LOC113830743,113830743
Gper1,100767871
Adamts18,100763192
Mlph,100759576
Mzf1,103163653
Dhx37,100751766
Gga3,100756491
LOC113838593,113838593
Znrf2,100760215
Slc22a17,100771306
Psmd7,100761962
Rab11fip5,100769415
LOC100767307,100767307
Rpl4,100756048
Tmem18,100774381
Eif2b4,100766948
Plekhm3,100760707
Bmpr1a,100750332
Aqr,100766095
Kcnk3,100771641
LOC100750952,100750952
Zbtb7a,100773908
Tnfrsf18,100767026
Wdr74,100754753
Bod1,100750386
Ndufaf6,103162917
Snx15,100768682
Znf479,103164235
Gphr,100689387
Nck2,100762895
Gtf2h4,103160241
Tmem132c,100761178
LOC118238099,118238099
Farp2,100772725
LOC113837920,113837920
Plcl1,100772560
Kcna7,100754146
Pgam1,100766080
Rpl37a,100754588
LOC113838851,113838851
LOC100760308,100760308
Pkm,100751347
Vars2,100755870
Msh6,100771087
Tnfrsf9,100761423
Mpst,100763920
Tnpo2,100759607
Gabpb1,100753587
LOC100754939,100754939
LOC100765686,100765686
Ska2,100755178
Slain2,100754053
Trabd2b,100758139
Psmc1,100770051
Dync1i2,100773761
LOC100755188,100755188
Nbas,100756926
Gria1,100769392
Nuak1,100766242
Prmt1,100765197
Eva1c,100767132
Tmem164,100759923
Ccnl1,100758148
LOC100774285,100774285
LOC100768038,100768038
Znf706,100766413
Clcn2,100769999
Stard13,100757703
Lig1,100767365
Tmem131,100771946
LOC113837293,113837293
Mtdh,100753818
Rxylt1,100757873
Apbb1ip,100773337
Ehbp1,100765232
Secisbp2l,100763220
Pxylp1,100759373
Epc1,100773878
Esco2,100755867
LOC100768740,100768740
LOC100764516,100764516
LOC107978752,107978752
Cenpk,100760714
Ptpn2,103163089
LOC103161207,103161207
Rsrc2,100770513
Ing4,100754938
Bin2,100750538
LOC100762276,100762276
Gpr161,113830667
Slc39a8,100767442
LOC118239142,118239142
LOC100772499,100772499
Mpc2,100766986
Septin1,100771948
Kdm6a,100758834
Tmem181,100762829
Tmem141,100760946
Far1,100761128
LOC100759002,100759002
Nars1,100764751
LOC100763873,100763873
LOC100771593,100771593
Rnaseh2a,100762806
Akirin2,100769005
Gda,100760443
Slc25a17,100765307
LOC100752198,100752198
Ndufa13,100762893
LOC100767190,100767190
Nmnat3,103160971
Slc40a1,100770310
Wnt5b,100753017
Trabd,100753444
Rab29,100756050
Cltb,100767928
LOC113834415,113834415
Bcorl1,100773975
Col6a2,100754390
Creg1,100767565
LOC100769868,100769868
Rab35,100760151
Cdh7,100764852
Psma2,100750876
CUNH19orf67,100768711
LOC100772494,100772494
Ppara,100758990
LOC100760472,100760472
Vps11,100758112
LOC100765191,100765191
Haus7,100753533
Cpt2,100766757
LOC100756474,100756474
Ccdc105,100751575
Morc4,100762949
Fam177a1,100753175
LOC100750695,100750695
Kdm5b,100761435
LOC103159000,103159000
LOC100768644,100768644
Tmem132b,100751479
Cfl2,100757641
Ptx3,100754664
Pusl1,100769138
LOC113838814,113838814
Klhl21,100760231
Ehd3,100766335
Tlr9,103160136
Ankrd34a,100755248
Rftn2,100771692
Polr2m,100771441
G2e3,100763860
Napepld,100759349
Gpcpd1,100772527
Coq4,100766160
Capn12,100767183
Vamp4,100771557
Cacna2d3,100753384
Rab18,100770609
Lasp1,100765803
Brip1,100774617
Kmt5b,100761878
LOC100774003,100774003
LOC100763175,100763175
LOC100760938,100760938
LOC100757537,100757537
Slc2a9,100752981
Hmgxb4,100757455
Trak2,100756850
Lin7c,100752354
Plekhg4,100766436
Nelfe,100769129
Gpr139,100766538
Abhd8,100752213
Abracl,100769731
Fktn,100761516
Metrn,103159155
Pcbp3,100755366
Ppm1a,100773654
Mief2,100772208
Zbtb47,100767262
Paqr6,100756145
Zmat3,100755886
Pla2g3,100761489
LOC113833198,113833198
Upf3b,100767364
Spred1,100762918
Pla2g15,100760699
Lrp8,100772495
LOC100755709,100755709
Vat1l,100763479
Abcc2,100689220
Pkhd1,100766925
Fgl2,100760509
Vstm2l,100764618
CUNH1orf35,103160129
LOC100766485,100766485
LOC100752605,100752605
LOC100764765,100764765
Usp48,100768145
Ddx19b,100766470
Rsbn1l,100759054
Rps23,100772739
LOC100754077,100754077
Pgm1,100753184
Sacm1l,100763030
LOC113837420,113837420
LOC103164472,103164472
Mcee,100763022
LOC118238327,118238327
Zhx1,100775034
LOC100765246,100765246
Aaas,100767976
Vcam1,100761508
Cercam,100765284
Mapk6,100764603
Sac3d1,100768390
Cept1,100773070
Txndc16,100773836
Rpain,100754650
Tinagl1,100760266
Dpy19l3,100756435
Actg2,100768744
LOC113837385,113837385
Lrp4,100762775
Pank3,100767141
Cldn18,100769098
Sirt6,100760117
LOC118239339,118239339
Sord,100751427
Etv3l,100760586
Tm2d1,100755825
Ndufb2,100774095
Apoo,100768153
Senp5,100751209
Espl1,100768842
Dusp29,100763558
Slc26a6,100760402
Unk,100753431
Aatf,100758164
Psap,100760327
Kat6a,100751361
Clcn6,100774640
Speg,100767885
LOC113839316,113839316
Manf,100768617
Ap2a2,100755406
Dld,100689437
LOC113838461,113838461
Bpnt1,100774047
Hinfp,100756963
Mrpl50,100755968
Chd9,100769940
Mvd,100766541
Rfx1,100767562
Vps50,100760449
Tbc1d20,100759085
LOC100762978,100762978
Ppcdc,100766343
Ugcg,100689432
Cpd,100757331
LOC103161269,103161269
Rsu1,100768150
Actr2,100752591
LOC118238916,118238916
Acer3,100766923
Baalc,100774798
Dcaf1,100768333
Epc2,100773541
Rbl2,100770221
Zswim3,100773695
Vangl2,100761060
Ocm2,100768870
Pacsin3,100756115
Smpd2,100771550
LOC118237592,118237592
Testin-2,100765299
LOC100773087,100773087
Id1,100774183
Tbc1d9b,100767773
LOC107979912,107979912
Necab3,100773993
Sh3kbp1,100750373
Ppfibp1,100754722
Agtr1,100750798
LOC100757042,100757042
LOC100773073,100773073
Znf609,100751915
Ccp110,100775002
Pkd1l1,100754907
Itga2,100774579
LOC100753100,100753100
Actr10,100759261
Dcp2,100773631
Ndufaf5,100770742
F2r,100758351
Smarcal1,100754301
Asap1,103162974
Hgsnat,100752593
LOC100765797,100765797
Ppargc1a,100753651
Rabggtb,100762868
Stk24,100761115
Ncoa4,100756488
Nt5c3a,100768928
LOC113838983,113838983
Tnfsf13b,100757266
Wdr90,100760189
Rad1,100756835
Usp24,100768766
Mbtps1,100689417
Ezh1,100760595
Rnf169,100756964
Serpinb11,100773507
Sft2d2,100769572
Mss51,100764691
Nup155,100772556
Qrich1,100763820
LOC103161301,103161301
Dnai2,100761698
Fam168b,100771076
Inip,100770269
Qars1,100763536
Parva,100763027
Vps16,100770326
Gpr37l1,100754383
Rhbdf2,100755685
Rbm7,100768276
Itfg1,100755490
Pstk,100766247
Agrp,100762653
Chd7,100755474
Sfpq,100761355
Ociad2,100763149
Wdr46,100750904
Zbtb17,100754046
Ppp1r15a,100757625
Fmnl3,100765961
Nod2,100759694
Tent5a,100751836
Coro1b,100759932
Crk,100762827
Phip,100758775
Entpd4,100771637
LOC100753369,100753369
Nt5c3b,100773030
Polr1a,100767957
Txn,100758292
Ppp3cb,100764987
Stat1,100755609
LOC100765482,100765482
Rexo4,100770295
Rcor3,100764531
Slc25a36,100764208
Wdr45,100759722
LOC100762002,100762002
Emc4,100772555
LOC100751314,100751314
LOC118237715,118237715
LOC100763051,100763051
LOC100769405,100769405
Nol6,100760727
Reep6,100756830
LOC100750407,100750407
Rxrb,100759059
LOC100751499,
Dnajc19,100751082
Ddx3x,100764307
Ing3,100766428
Cideb,100769570
LOC100752921,100752921
Klhl8,100751625
Tubg1,100759432
Akip1,100751192
Eps15l1,100755944
LOC100750553,100750553
LOC103160383,103160383
Mrpl47,100757628
Acox1,100689199
Abhd14b,100759415
Med6,100762349
Orai2,100758553
Ppp3cc,100751412
Cbx5,100689287
Abt1,100771876
LOC113830685,113830685
Grin1,100770880
Bcl2l12,100765966
LOC100750830,100750830
Prkaca,100768997
Ccdc170,100773188
Cdk2ap1,100773827
Fzd4,100756296
LOC100774433,100774433
Mrpl21,100754354
Stx7,100758402
Thnsl1,100757931
Poldip2,100767910
Mars2,100771401
Fcho1,100772920
Camkk2,100765904
Sdad1,100769914
Ddx18,100759595
Bid,100754606
LOC100770893,100770893
Tiprl,100766692
Npl,100766218
Csnk2b,100763034
Wdr12,100765493
Mtch2,100764518
LOC100752257,100752257
Sync,100757588
Crnkl1,100771455
LOC100772164,100772164
Ocln,100772862
LOC100757581,100757581
Pex11a,100761020
Mosmo,100751118
Efna2,100755670
Nop56,100771954
Trmo,100767259
Notch2,100771788
LOC100774856,100774856
Baiap2l2,100757056
Ibsp,100752803
Hdac6,100763688
LOC113838595,113838595
Ctu1,100764314
Clcf1,100761392
Rasgrp3,100764463
Unc5d,100762594
Senp1,100754744
Pgm3,100762575
Scamp1,100760382
Tns4,100772880
Dock10,100768884
LOC100768009,100768009
LOC100754516,100754516
LOC100757435,100757435
Pomp,100756796
LOC100757754,100757754
Litaf,100769636
Gpr39,100759577
Cep43,100756864
Msh2,100768127
Cbarp,100754798
CUNH10orf67,100755839
LOC103159270,103159270
Map2k3,100756793
Ranbp10,100756743
Alg13,100754023
Ice2,100759663
Fbxo32,103158884
Nemp2,100751415
Tmem123,100761122
Mab21l3,100774678
LOC118238682,118238682
Aldh9a1,100758951
Epha5,100770099
Capn5,100768370
Hoatz,100754486
Zeb2,100752455
Nudt16,100768978
Rabep2,100765663
Fgfr1,100773586
Mknk1,100759870
Foxn3,100768709
LOC113837322,113837322
Rilpl2,100774122
Srek1,100774662
LOC118238052,118238052
Rpl7,100763698
Eif3m,100768213
LOC100761739,100761739
Atp1b1,100760718
Notch1,100761880
Arfgef3,100771638
Npm2,100764312
Fbxo46,103159278
Baat,100756252
Ndufa3,100764988
Cdk8,100759285
Kiaa1958,100769984
Adar,100760578
Ppp1ca,100760810
Sinhcaf,100760112
Tmem125,103160686
LOC113833602,113833602
LOC100750869,100750869
LOC100767745,100767745
Coq5,100750776
Mfge8,100774737
Tmem39a,100758103
Cep164,100762565
LOC100771980,100771980
Fkbp10,100771014
Fbxo34,100755456
LOC100763791,100763791
Ppp4c,100771425
LOC100764532,100764532
Lrrc8c,100765936
LOC100767323,100767323
Dgat2l6,100768854
Ccnt1,100758059
Eral1,100766924
Rpap3,100753705
Camkmt,100766475
Znf274,103163648
LOC100769195,100769195
Tp53rk,100750384
Vps39,100770322
Tnfaip3,100771931
Znf605,100767561
Grik3,100755668
Nsun6,100773608
Cog6,100771724
Edil3,100766118
Mtmr2,100762316
LOC100764293,100764293
Ifngr2,100768877
Lipt2,100756678
Reep5,100753505
Mfsd1,100757347
Ddias,100752154
Myadm,100767597
Adprm,100767531
Arhgef1,100758784
LOC100768538,100768538
Setd1a,100753962
Zdhhc20,100763295
Clba1,100752702
Iqcc,100760183
LOC100752322,100752322
LOC100753553,100753553
LOC100755596,100755596
Adck5,100762357
Trpt1,100756285
Pomgnt1,100772511
Ranbp3l,100773895
Fam13a,100753068
LOC100763208,100763208
Tnni1,100756622
Ush2a,107977174
Samd9,100759572
Map2k7,100754421
LOC100771319,100771319
Mtg1,100753782
Rab37,100774819
LOC100772866,100772866
LOC100761779,100761779
Avil,100761585
U2af2,100769215
Htatsf1,100767363
Ankrd42,100753052
Tspan31,100759828
Birc6,100689237
Cgnl1,100771153
LOC100752504,100752504
CUNH4orf33,100771610
Arfgef1,100750748
Ccm2,100766896
Elk1,100763890
B4galt3,100689346
LOC100750349,100750349
LOC100762136,100762136
Crem,100767867
LOC100768402,100768402
Mrps17,100755491
Ddx6,100759836
Hmgcs1,100762235
Parl,100751882
Sfswap,100755786
Pcnp,100758379
LOC100772700,100772700
Rab31,100757810
Ptchd3,100752652
Plekho1,100750946
Ms4a8,100753986
Utp23,100751711
Ankrd13c,100751847
CUNH16orf96,100769587
LOC103161811,103161811
Ppt2,100758494
LOC100751350,100751350
Nr5a2,100766752
Cacybp,100752498
Btk,100772144
Wars1,100767856
Mtpn,100772730
Armc7,100770961
LOC113838297,113838297
Rrp1b,100751493
LOC100771791,100771791
Dimt1,100756397
Srcap,100751782
LOC103164484,103164484
Reep2,100751729
Sec61g,100772250
Csrnp2,100756497
LOC118238938,118238938
Snx1,100773593
Sec14l1,100770988
Kif5a,100763800
Srrt,100689205
Mylk2,100755963
Zdhhc21,100763097
Hjurp,100755715
LOC113837073,113837073
LOC100754252,100754252
Prkrip1,100766978
LOC100757088,100757088
Tbccd1,100766911
Mettl6,100766645
LOC100752829,100752829
LOC113831603,113831603
Stradb,100756557
Tamm41,100753536
Msh5,100761092
Sec14l2,100755200
Dr1,100765234
LOC100769454,100769454
Dbn1,100763853
LOC113834609,113834609
Syne1,100768768
Vps26c,100763887
Hspa4,100764628
Dph6,100765802
Wnk4,100761172
Itprip,100762684
LOC103161111,103161111
Msx1,100752378
Ankrd12,100755296
Focad,100756324
Arhgap39,100759161
Fam234b,100773310
Cdk18,100755170
Sh3glb1,100751986
LOC100767117,100767117
Rsph3,100762246
Amot,100769669
Kdm4a,100756054
LOC100756478,100756478
Ttc1,100766507
Usp47,100766617
Cfap43,100774071
Acat1,100689317
Fignl1,100758940
Impa1,100760520
Cbx2,100755979
Pacs2,100753901
Prdx4,100763245
Lhfpl3,100758461
Depdc1b,100754645
Znf570,100772912
Polr1e,100751282
Bin1,100772852
Cert1,100689038
LOC100762674,100762674
Primpol,100753873
LOC100755006,100755006
Myo3b,100772899
Supt5h,100761749
Bud31,100774223
Cpm,100770407
Cope,100689412
Hdac9,100757696
LOC100758191,100758191
Snrpc,100759153
Ythdc1,100764889
Hoxa5,100762428
Zzef1,100756655
LOC113838801,113838801
Nipa1,100761086
Mrgprf,100754930
LOC100766032,100766032
Ccdc159,100769664
Haus2,100757195
Pqbp1,100762531
Znf518a,100754952
Cul5,100770463
LOC100750490,100750490
Mthfsd,100756877
Ajuba,103158564
Tbc1d15,100762508
Egln1,100772704
Tmem237,100763363
LOC100756775,100756775
Fkbp4,100762395
Slc25a3,100758020
Map1b,100759518
Pak2,100751503
Lman2l,100769742
Hes2,100756407
Tatdn1,103160193
Tubb4b,100689089
Psme2,100760978
LOC100769575,100769575
Mical3,100754319
Aggf1,100757002
Csmd1,100759788
Pi4kb,100770133
Txnip,100756038
Abhd13,100754934
Apbb1,100760848
Mpv17l,100751270
LOC100774396,100774396
LOC100764206,100764206
Snx30,100772271
LOC100770947,100770947
Naga,100751670
Rtf2,100760479
CUNH1orf105,103160216
Sf3a2,100771292
Asb4,100763121
LOC100772374,100772374
Vim,100689099
Bean1,100768989
Thap7,100753121
Jmjd4,100765049
Tp63,100772309
Cd300lb,100750336
Immp2l,113831550
Epor,100769376
Oscar,113837318
LOC100770325,100770325
Guca2a,100755664
LOC113831894,113831894
Asph,100755768
Sesn1,100770597
Seh1l,100757132
Vipas39,100760970
Akirin1,100751284
Rora,100759952
Rgs18,100759408
Sorl1,100753560
Aanat,100755392
Pycr2,100751666
Caly,100772099
Aurka,100761359
Cdca8,100753031
Ywhaz,100766119
Pkn2,100754441
Camsap2,100758440
Ap3d1,100770344
Ogfod1,100756149
Srsf1,100689086
Usp16,100769154
Rarg,100769591
LOC100765065,100765065
Neil1,100762109
Slc25a5,100769087
Marveld3,100759703
Hps5,100750896
Atp8a2,100763581
LOC113834309,113834309
Nedd4,100755507
Rnps1,100689458
LOC113835398,113835398
Epb41l5,100757297
Hspb1,100763481
LOC100752458,100752458
Cdkn2aipnl,103159798
Tcea2,100768573
Ccndbp1,100756614
LOC100774522,100774522
Rpgr,100765957
Rnf44,100750465
Akap9,100767118
Pcyt1a,100689303
Asf1b,100769479
Gcgr,100766482
Phpt1,100761523
Tmed3,100757753
LOC100759921,100759921
Kpna2,100768235
Pbx2,100766527
Akap1,100760847
Axin2,100750382
Six1,100770482
LOC100758417,100758417
Mapk7,100758520
Smchd1,100770189
Timm17b,100762818
Necab2,100758900
LOC113832706,113832706
Pls3,100689375
Cebpz,100756756
Znf146,100753826
Rps17,100689053
Odc1,100751960
LOC100756685,100756685
LOC100762719,100762719
Nr0b2,100769023
Itga7,100773038
Ppil3,100758293
LOC103159332,103159332
Trio,100772244
Abhd12b,100752990
Ipp,100774648
Acss2,100752902
Gria2,100764344
Tfe3,100761176
Noxo1,100766881
Cish,100774955
LOC118239365,118239365
LOC100756479,100756479
Tmem250,100769349
Tspoap1,100752521
Zdhhc17,100764376
LOC113839174,113839174
Arpc4,100756023
Ndufv2,100757242
Rexo1,100768918
Il12rb1,100763378
Rcl1,100761761
Tbpl1,100768754
Pxdc1,100762877
Ubr7,100767869
Hectd4,100771362
Ttyh3,100762098
Fubp1,100761415
LOC100765008,100765008
Tmem165,100770946
Kcnip1,100765158
LOC100752142,100752142
Pdxdc1,100772549
Scara3,100760010
Poll,100751096
Pofut2,100765129
Adora2a,100762652
Mfsd14a,100772600
Gata6,103161469
Tcaim,100765518
Shld3,113834152
Ezh2,100758055
Eva1a,100765979
Comt,100770626
Pgpep1,100769180
Eif2ak2,100757909
Rpl14,100774219
E2f7,100762445
Ubxn11,100768279
Emc7,100773137
LOC100771471,100771471
Zgpat,100767467
Fadd,100774599
Rbm10,100752703
LOC100774077,100774077
Aifm1,100771367
Usp2,100758523
Pxdn,100774957
LOC100757524,100757524
Mcub,100765870
Hsp90aa1,100689397
LOC100756470,100756470
Susd4,100771822
Usf1,100764971
Clec4d,100775089
LOC100768360,100768360
Nudcd1,100768048
Myo1g,100766313
Acsl5,100773264
Fkbp8,100758154
Kiaa1143,100764346
Gtf3c3,100759578
LOC100762612,100762612
Camk2a,100765253
Cfap45,100755656
Csrp1,100756325
Trim37,100754889
Nav2,100760394
Nipal3,100753342
Cd46,100772491
Lrguk,100750979
Dlec1,100753645
Pdk2,100758762
LOC113837896,113837896
Las1l,100774247
Cs,100750580
Sec62,100769200
Qdpr,100769495
Slc1a4,100689351
Pcid2,100758184
Tomm7,100760710
Qtrt2,100774164
Glg1,100689240
Slc10a3,100759471
Ttc25,100773898
LOC100756768,100756768
LOC100752715,100752715
Ptgir,100763042
Pskh1,100752023
Rnf213,100753392
Ssbp3,100770485
Rnf19a,100756962
Rida,100754697
Cerkl,100762029
Mid1,100758489
Lmbr1,100753365
Selenow,100763608
Phf14,100766901
Arhgef4,100774841
Kiaa0895l,100759739
Rgl2,100752656
Hoxa7,100759709
LOC103164301,103164301
Unc45b,100766758
LOC118237638,118237638
Golgb1,100764942
Ncoa1,100755152
Fuca1,100752441
Cct5,100757108
LOC118237649,118237649
Sypl1,100759493
Pidd1,100753147
LOC113838052,113838052
Mff,100772038
Pot1,100758846
Tfdp1,100774706
Dgcr8,118239887
Lfng,100762397
LOC118238343,118238343
Egln3,100754377
Nf2,100774197
Sf3b4,100759502
Acsf3,100764604
Lbhd1,113830727
Gpr176,100763678
LOC103164088,103164088
Mrpl58,100757939
Vkorc1,100755703
Terf2ip,100766336
Srrm2,100770675
LOC113838313,113838313
LOC100767679,100767679
Klk4,100757055
Rft1,100774638
Hfe,100762132
Whrn,100754986
LOC100770709,100770709
Ska3,100760094
Fam171a2,100762527
LOC100767269,100767269
Otulin,100772832
Csde1,100760894
Zmym4,100766296
Erlec1,100767274
Usp46,100765874
Parp11,100771250
CUNH13orf46,100751490
Osbpl3,100757392
Med29,100772644
Pdia3,100689343
Ctsf,100756958
Mex3a,100763489
LOC100764973,100764973
Bola3,100769793
Cdc42ep4,100752272
Cdh17,100761958
LOC100751440,100751440
Mrpl51,100752785
C1H6orf141,100766734
Ccdc30,100770106
LOC103160223,103160223
Nedd1,100757592
LOC113837953,113837953
Slc20a1,100689025
Dars1,100767438
Lad1,100764633
Cln3,100754370
Efcab11,100769192
Tgoln2,100752925
LOC103161358,103161358
LOC100755731,100755731
LOC100750346,100750346
Ankle2,100750769
Mansc1,100774466
LOC100764975,100764975
Pnrc2,100753045
Magi2,100759337
Slc25a33,100769798
Hbegf,100689423
Trank1,100765447
Ufc1,100767197
Raly,100774868
Znf830,100764718
Ubap1,100769433
LOC118238842,118238842
LOC118237587,118237587
Rad54b,100758942
Nudc,100771417
Gch1,100750667
Gsdmd,100756673
LOC100766448,100766448
Usp19,100762852
Med12,100755999
Ifit2,100763118
Znf251,100753390
Ska1,100772465
Prlr,100757415
Rnf183,100753211
Fut10,100760260
Agpat2,100754963
Mphosph8,100752223
Prdm11,100761907
Trim25,100765402
Bambi,100771599
Uggt1,100773968
LOC100762101,100762101
Tsga10,100764195
Maged1,100768434
Chordc1,100768748
Nexn,100757659
Srp19,100753807
Cep78,100761244
Parp12,100772935
Kdm2b,100767158
Fap,100767303
LOC100773300,100773300
Zbtb7b,100758360
Tbc1d16,100754815
LOC100762084,100762084
Spata5l1,100773232
Umodl1,100763683
LOC118238292,118238292
Slc44a4,100759738
Alms1,103162359
Tcn2,100756668
Ammecr1l,100754731
LOC100770646,100770646
Ncapd3,100752080
Abhd11,100766777
Thoc5,100773616
Picalm,100761959
Utp18,100761065
Eef1d,100755894
LOC113834019,113834019
Cpvl,100761019
Adam23,100756536
Ctsk,100765407
Myh15,100758646
B3glct,100759864
LOC100769149,100769149
LOC100761506,100761506
Dnajc13,100763365
Fermt3,100755790
LOC118239808,118239808
Rnf185,100761198
Rims3,100753626
LOC100766491,100766491
Ccnb2,100773656
Rita1,100771723
Podxl2,100768042
Cflar,100757136
Ogg1,100774353
LOC100766824,100766824
Pip4k2a,100755254
LOC100763724,100763724
LOC100750890,100750890
Jagn1,100756602
Isl1,100774367
Rpl23,100756818
LOC100752993,100752993
LOC100753853,100753853
Rab5a,100772343
LOC100769662,100769662
Tdp2,100764160
LOC113838917,113838917
Xirp2,100755593
Shc4,100763505
Plbd2,100769512
Slc3a2,100689315
Mak16,100760844
Vrk1,100761272
Stx5,100756021
Gnb5,100764899
Neu3,100689090
LOC100772745,100772745
Ncam2,100766908
LOC100751894,100751894
Lnx1,100755126
Taf9,103158543
Ficd,100760999
Mysm1,100764556
Adam10,100772891
Eif5b,100758365
Heatr1,100763985
LOC100762503,100762503
Eif4g2,100758677
Prps1,100759532
Slc39a13,100759674
Atp6v1f,100752884
Gatad1,100763066
LOC100773247,100773247
LOC118237859,118237859
Nfil3,100772868
Tulp4,100763124
Clspn,100768047
LOC118237683,118237683
Srp72,100760440
Pdcd6ip,100769458
Nabp1,100755797
Mrps28,103161031
Gemin6,100756163
Jarid2,100765016
Lims1,100760199
Naglu,100757611
Tpp1,100759190
Psmd11,100773369
Pdp1,100761381
Ppp1cc,100774547
Blnk,100755442
Krt15,100759259
LOC100772039,100772039
Ldlrad3,100757766
Zswim6,100757838
Alas1,100766370
Enosf1,100755139
Fau,100689400
Ankrd54,100756181
LOC100758805,100758805
Mbp,100763901
Ccdc114,100751784
Aurkaip1,100770569
LOC100757062,100757062
Rbm39,100757502
Tspan5,100755707
Parvb,100753582
Star,100771651
Ndufa6,100750797
Slc35a5,100765499
Cetn2,100768482
Unc93b1,100756178
Tesk1,100756840
Pdhb,100774878
Gdap1l1,100772667
Cfap221,100761926
Intu,100771987
Atp23,100767547
Tmem218,100756218
Vasn,100774977
LOC100767709,100767709
LOC100751304,100751304
LOC100761311,100761311
Ebf3,100767609
L3mbtl3,100757058
Spint2,100763680
LOC100774889,100774889
Amn1,100761574
LOC100752666,100752666
Dnaja3,100774313
LOC103158905,103158905
Mgat1,100682529
Dnajb9,100763648
Tmem267,100764864
LOC100756957,100756957
Pygl,100753288
Ddx55,100767780
Pes1,100770230
LOC113832935,113832935
Galnt17,100750837
Amt,100763091
LOC103162714,103162714
Nrg2,100759245
Tbc1d2,100771281
LOC118238070,118238070
Hic2,100751153
Nus1,100761477
Stat6,100753838
LOC113834353,113834353
Camsap1,100760053
Sh3pxd2a,100754839
Mtarc2,100757070
Chd6,100770276
LOC100774624,100774624
LOC113839031,113839031
Htra3,100774250
Col6a1,100755078
Timeless,100764475
Wdfy1,100766268
Elf2,100762906
Stk39,100762055
LOC100768642,100768642
LOC100767192,100767192
LOC100762344,100762344
Ssbp1,100772064
LOC100766163,100766163
Zcchc9,100752466
B3galt4,100751197
Crtac1,100760959
Ythdf1,100766305
Ggcx,100774482
Ino80d,100754682
Cachd1,100756408
Nr2e1,100750828
Hmcn1,103161765
LOC100754672,100754672
Tmem143,100751205
LOC103159158,103159158
Nap1l4,100760664
Tnks1bp1,100759238
Cfb,100758781
Thsd7a,100763919
Mob2,100767788
Lhx9,100763500
Cenpc,100761015
LOC113837213,113837213
Hapln1,100766601
Tbx6,100770940
Nup62cl,100760998
Fam227b,100761884
LOC103158627,103158627
Invs,100750579
Abi3,100754696
Znf524,113837245
Trim36,100758865
Mamdc2,100758409
Hcn3,100772247
Als2,100763641
Ncor1,100760832
Rnh1,100773448
LOC100753934,100753934
Dars2,100774650
LOC100771408,100771408
Gli3,100762738
Mdga2,100761780
LOC100764243,100764243
LOC100769870,100769870
Mfsd2a,100774195
Tmem184b,100766352
LOC103164127,103164127
LOC118238592,118238592
Cdk5rap1,100773409
Smim19,100773607
Tigd2,100752465
LOC100765294,100765294
LOC118237659,118237659
Aar2,100752282
Syt7,100771245
Troap,100768889
Kat6b,100760447
Slc16a9,100760512
Eno2,100758414
Atg2a,100758391
Wdr73,100771456
Ndufa2,100754444
Ubxn1,100755299
Cep120,100774588
Hadh,100761491
Fam104b,100759413
Osr1,100752131
LOC100767372,100767372
Vegfa,100755957
Ctdsp2,100765556
LOC103161200,103161200
LOC103162254,103162254
Racgap1,100751180
Gls2,100774486
LOC113838672,113838672
Ecm1,100763376
LOC100761758,100761758
Irf2,100753270
Itga5,100768174
LOC100757855,100757855
Cacnb3,100768080
Prickle1,100769532
Nsmaf,100755374
Scml4,100769164
Bgn,100771022
Nfxl1,100768316
Znf775,100773995
Trappc10,100768912
Bmper,100766307
LOC100752763,100752763
Mterf4,100771571
Naa15,100763666
Tdrd7,100766097
Ypel2,100756059
Zc3h11a,100763978
Tle5,100769877
Tagln2,100771092
Cnppd1,100768844
Shb,100768990
LOC100750935,100750935
LOC100758024,100758024
C1qtnf3,100758853
Kdm5a,100757111
Edc3,100751562
Map3k7cl,100769439
Man2c1,100761822
LOC100756114,100756114
Myd88,100775060
LOC100769106,100769106
Pycr1,100767919
Plekha2,100773875
Abi1,100772463
Arrdc5,100769962
LOC100761451,100761451
Cabp2,100757813
Klhl17,100772708
LOC100771979,100771979
Mcm6,100767151
Dock3,100768911
Med14,100768874
Fzd1,100770917
LOC107980174,107980174
Phb,100755273
Fam210a,100758002
Alkbh6,100771885
LOC100762735,100762735
Ctdspl2,100752292
Dnmt3a,100771064
Ik,100754728
Herc4,100758073
LOC100762031,100762031
Epha7,100750730
Mau2,100763469
Otud5,100761947
Taf8,100766320
Fry,100759522
Lep,100774160
Kctd14,100768863
Hsf2bp,100751781
LOC113836728,113836728
Iqca1,100768381
Nupr2,100756083
Naa60,100765069
Kctd19,100761191
Kras,100763178
Pus7,100763044
Bud13,100773647
Lactb,100750848
Lrrc47,100774349
Apoh,100762364
Smurf1,100765164
LOC113837457,113837457
Arrdc1,100754257
Zw10,100750463
Trpc4ap,100753499
Ethe1,100769786
LOC100763768,100763768
LOC100769145,100769145
Pnn,100758240
Bcl2l1,100689371
Znf428,100773528
LOC100759829,100759829
Selenos,100768801
Crip2,100771081
LOC100771650,100771650
Paxx,100762994
Prmt9,100773595
Popdc2,100760618
Washc2,100689255
Casp6,100766458
P3h1,100769529
Pnpla8,100763368
Tradd,100758679
Tcf4,100767684
LOC100764903,100764903
CUNH19orf47,100768636
Prkab2,100772359
Galnt8,100764127
LOC103164139,103164139
Dhrs11,100763193
LOC100773780,100773780
Kcnk1,100762483
Olfm1,100752985
Slc25a28,100753159
Spp2,100764926
Gemin2,100755559
Tshr,100775040
Faap20,100757150
Pspc1,100751937
Rgs17,100770397
B3gntl1,100751193
LOC113837259,113837259
Smim17,100764414
Git1,100758194
Ect2,100754674
Slc48a1,100767330
Ptprf,100766403
LOC100770670,100770670
Syn3,100751566
Dbr1,100768520
Fmnl2,100773842
Rfx3,100760331
LOC100774465,100774465
LOC100770012,100770012
Rpl26,100760077
Cnn2,100754225
Nprl3,100758606
Rasl11b,100764616
Rsl24d1,100767126
Rpp14,100769100
Ndufv3,100761076
Nkap,100767082
Ldlr,100689399
Nrf1,100755053
Gcc2,100760881
Cnot1,100761778
Elp5,100761708
P2ry6,100752781
Nup210,100772108
LOC100756484,100756484
LOC100752243,100752243
Ptcd1,100752650
LOC100765926,100765926
Arl13b,100768683
Rbm4b,100758105
Znf395,100772882
Ndel1,100759290
Bbs1,100767595
LOC100751267,100751267
Ptdss1,100762075
LOC118237973,118237973
Ankrd2,100758530
LOC100770124,100770124
LOC100768608,100768608
Ankrd35,100753898
Znf436,100771297
Zbtb14,100752751
LOC113836328,113836328
Dzip1l,100768816
Clint1,100761656
LOC118238870,118238870
LOC103161710,103161710
Ccnf,100774506
Adgrl2,100769271
Il1rl2,100758449
Ube2j1,100772025
Pmm2,100765196
Chkb,100770695
Nup153,100761805
LOC100759078,100759078
LOC100770161,100770161
Mfsd6,100751700
Auh,100774025
Smyd3,100764840
Kansl1l,100761258
LOC103164567,103164567
Ppp2cb,100757400
Znf667,100764114
Arnt2,100773566
Ca4,100760390
Prkcsh,100753910
Mettl4,100752537
Glmp,100755558
Mbd2,100757357
LOC100770935,100770935
Lamtor2,100758275
N4bp1,100750417
Rhobtb1,100767011
Etfbkmt,100759818
Fanci,100755795
Nudt8,100764192
Gja1,100689077
Fbxw5,100762398
Cited1,100759164
Chrna3,100763280
Ttc6,100755313
Mmp27,100755427
Ogdh,100764862
Slc6a9,100774471
LOC103163801,103163801
Nrn1,100761420
Ttll1,100767980
Pip4p2,100767770
Peli2,100768260
Slc35a3,100689394
Proc,100772264
Klhl9,100765563
Prc1,100770968
Wdr24,100772059
Ptgfrn,100771669
Nrxn1,100761660
Ost4,100762772
Jade3,100774923
Cfap70,100762746
Mst1,100761444
Marchf6,100759599
Capzb,100755876
Atp5f1b,100763024
Atp6v1g1,100774299
Marchf10,100771778
Nt5dc3,100775059
Chmp7,100770771
Tvp23b,100762284
Ckb,100774847
Ppp1r3b,100770506
LOC100757920,100757920
Wwc2,100755326
Mturn,100759920
Znf143,100752658
Acer1,100773997
LOC100768193,100768193
LOC100761963,100761963
Nfya,100755500
LOC100773928,100773928
LOC100754059,100754059
LOC100755760,100755760
Rbm17,100764203
Zbtb4,100764024
Itgae,100772578
Katnal1,100755046
Alkbh5,100755624
Prap1,100772682
Hoxb2,100750955
Pbx3,100758595
Agxt,100771278
LOC107977194,107977194
Med19,100755285
Med23,100775007
Ppm1h,100758165
Nudt14,100770798
Zmynd12,100759994
Mob3b,100766702
Diablo,100754770
Map3k12,100765738
Deptor,103160978
LOC100761084,100761084
Oxa1l,100764174
Sdha,100750732
LOC100770699,100770699
Kiaa1614,100754212
Eprs1,100774338
LOC100771210,100771210
Sgo2,100751358
Tprg1,100773185
Polr3e,100764912
Fech,100764152
LOC100752086,100752086
Clip1,100769657
Plekhj1,100759711
LOC100751584,100751584
Usp15,100759035
Bdh1,100774340
Neurod4,100753246
Rnf187,100762725
LOC100753456,100753456
Derl3,100768848
Rhbdd3,100752229
Tomm34,100757417
LOC118238063,118238063
Slc12a5,100768413
Trerf1,100767482
Rab8b,100771866
LOC100758062,100758062
Golm2,100765980
Atp6v1b2,100774665
Zfc3h1,100763088
LOC100759383,100759383
LOC100753259,100753259
Pum3,100764311
Polr1c,100758205
LOC100755823,100755823
Ttyh1,100774128
Txnl1,100765222
Pigg,100765524
Lemd2,100751488
LOC100760422,100760422
Dnah6,100754128
LOC113839080,113839080
Tmem167b,100767125
LOC100760752,100760752
Scrn3,100766561
Rab6a,100761500
Atp1a1,100771378
LOC100766898,100766898
Ism1,100770831
Cep162,100759950
LOC100750550,100750550
Hax1,100761361
LOC100754572,100754572
LOC100753857,100753857
LOC100772072,100772072
Tlx1,100751022
Rpl15,100767738
LOC118239236,118239236
Zdhhc18,100771709
Mettl17,100751989
Bystin,100769168
Bnc2,100754985
LOC113834099,113834099
Hoxb4,100750374
Slamf6,100754502
Dnajc18,100756658
Tceal8,100765557
Psma3,100758978
Anapc13,100770713
Pik3r4,100769548
Mthfd1l,100767336
LOC113837857,113837857
Mdm1,100769064
LOC100762413,100762413
Nfx1,100759843
Zfyve21,100767357
LOC100758569,100758569
LOC118238079,118238079
Tsen54,100755913
Pum1,100765502
LOC107977047,107977047
LOC100755677,100755677
Syap1,100752457
Camta1,103164264
Pik3cd,100769225
Malsu1,100764085
Cep295,100755683
Jmy,100761093
Capns1,100770160
LOC100753025,100753025
LOC100760374,100760374
Inpp5j,100761777
LOC100754041,100754041
Rb1cc1,100763340
Tmod2,100764008
Slc13a1,100757983
Scn5a,100751166
P4htm,100765582
Tstd3,100764063
LOC118239589,118239589
Syp,100758282
CXHXorf38,100762759
Msmb,100756196
Spata5,100754901
Paf1,100689047
LOC100753117,100753117
Mrps24,100761173
Sar1b,100758826
Ppm1l,100756738
LOC107977069,107977069
Itsn2,100754648
Rad51c,100689078
Rps3,100758037
Csad,100751520
Dapk3,100773624
Exoc4,100750685
LOC118237961,118237961
Fmc1,113832846
Mtif2,100765344
Iqgap3,100754110
LOC100774255,100774255
Tmx1,100760960
Galnt18,100767393
Ccdc134,100762269
Ier3ip1,100772056
Prdx1,100689332
Helz,100766882
Sgcd,100764191
LOC100760701,100760701
Supt6h,100761229
Mrpl40,100772641
Mettl25,100753034
Pank2,100773397
Igsf9,100755364
LOC100765755,100765755
Iqgap1,100757264
LOC100771119,100771119
LOC100765897,100765897
Cdc42ep1,100751388
Epha2,100752851
LOC100753801,100753801
Xpnpep2,100774553
Slc35a1,100689322
Tmem106c,100755506
Smim29,100756942
Nek8,100762577
Atp5mpl,100767934
Plekha8,100759631
LOC100753152,100753152
C3H9orf85,100773457
LOC100752010,100752010
Wwp1,100757929
Sgms2,100760913
Zranb3,100771558
Lins1,100767653
Enah,100752970
Ccdc182,100761428
Fnip2,100753221
Gripap1,100768253
Atxn1l,100755753
Arl4a,100771484
LOC100771539,100771539
Cfap92,100767956
Dlx1,100768966
LOC100755834,100755834
Tex10,100775062
Slc25a45,100767144
Inpp5a,100760037
LOC118239963,118239963
Slc25a46,100756185
Cdc42ep3,100755114
Hectd1,100762999
Agmo,100752746
Tmem241,100756753
Bscl2,100755147
Slc39a6,100764156
Acsl3,100752583
LOC113838537,113838537
Glb1,100767446
Pum2,100775042
C3H7orf25,100750581
Mylk4,100756400
Lin9,100774401
Aldh16a1,100772664
LOC100765126,100765126
LOC100769837,100769837
LOC100774916,100774916
Hcfc2,100774776
Tpcn1,100770089
Trpc7,100755860
Dnaaf5,100771212
LOC100774582,100774582
Abcb7,100766714
Atp6v0a1,100756648
Cd80,100760030
Gnai2,100689068
Myof,100751722
Bcl6,100773755
Lama5,100755091
LOC100763521,100763521
Copb2,100758514
Mterf2,100761371
LOC100769024,100769024
Tspyl1,100751735
LOC100772835,100772835
LOC100758135,100758135
Ccdc9,100767115
LOC100757910,100757910
Adamtsl1,100757121
LOC113838795,113838795
Slc30a1,100751596
Smcr8,100772792
Ercc6l2,100751043
Gart,100689446
Sephs2,100770125
Habp4,100760637
LOC100760353,100760353
Grin3a,100758947
Unc5b,100760860
Zdhhc5,100755578
LOC113836595,113836595
Tigit,100774450
Agtpbp1,100772683
Rrp9,100766875
Znf408,100754652
Tpd52l1,100753367
Rad23b,100763817
Znf839,100772816
LOC100751364,100751364
Mertk,100755929
Gps1,100770684
Mettl14,100774068
LOC100763497,100763497
Txndc11,100752982
Ehmt2,100769417
Cadps2,100752027
Dele1,100774899
Commd9,100753103
Sptlc2,100689415
Exoc1l,113831273
Dtnbp1,100760065
Dusp15,100755376
LOC100768872,100768872
LOC100769463,100769463
LOC100769236,100769236
Polr3g,100767472
Dtx3l,100759272
LOC100759352,
LOC100771529,100771529
Eif5a,100766364
Stxbp3,100757848
Cd9,100764427
Actr1b,100768031
Gsdme,100757679
LOC100769528,100769528
Vamp5,100752031
Tead1,100762354
Kiaa0040,100753399
Mmp3,100754565
LOC118239223,118239223
Gins2,100758038
Get4,100769304
Dpm3,100689451
Ccdc12,100766224
LOC107977019,107977019
Slc29a2,100761966
Psme1,100761736
Mtss2,100758555
Dop1b,100751759
Otud3,100756165
Tab2,100759882
Tex30,100763440
LOC100763541,100763541
Hsd17b12,100751291
Lrrc51,100750631
LOC113831909,113831909
LOC100765627,100765627
LOC113830659,113830659
Ppp1r14b,100759839
Mideas,100774891
Pamr1,100752800
Tmem184c,100773881
Scp2,100757558
Npepps,100763186
LOC100762960,100762960
LOC100758597,100758597
Mapkapk3,100774379
Psmb2,100767174
Pglyrp2,100754520
Cebpd,100771036
LOC100767633,100767633
Wnk2,100764723
Ly6d,100774259
Serpine1,100759702
Klhdc2,100755535
Map3k2,100772559
Znf248,100770262
LOC100758022,100758022
Lgi3,100766474
Apmap,100765704
Znf385b,100767842
LOC100763140,100763140
Trim62,100756426
Ncbp1,100770427
LOC113830645,113830645
Arrdc3,100755882
Pop5,100754888
LOC100756921,100756921
Stxbp4,100758822
Epb41l4a,100754107
Taok2,100774226
Tnfaip8l2,100768501
LOC100761919,100761919
Xrra1,100757252
Hoxb5,100774854
Ca5a,100755419
LOC100772515,100772515
LOC118237615,118237615
Ntn4,100754393
Sgce,100763694
LOC103158569,103158569
Sbno1,100774701
Serac1,100772254
Arntl,100755141
Zadh2,100762407
Plin2,100756213
Cep170,100771665
LOC100769255,100769255
Gtse1,100758123
LOC103160255,103160255
Rpl5,100770250
Vav3,100768658
Foxf2,100760156
Wbp2,100753733
Mmp28,100774040
Meak7,100772689
Pfkfb1,100754096
Moap1,100766130
Orc4,100689043
LOC100757609,100757609
Mb,100762299
Tram2,100773824
Prdm16,100762301
LOC100752894,100752894
F2rl2,100758642
LOC100754795,100754795
Sbds,100752195
Pcdh18,100756175
Dnah5,100771964
LOC103161026,103161026
Gask1b,100764048
Agpat5,100757875
Tp53inp1,100758181
Map3k13,100754991
Entr1,100759543
Mmd,100759398
Iqgap2,100761545
Ror2,100773441
Rmi1,100763534
Nlrp3,100759809
Snrpd1,100764953
Uchl5,100765837
Wdr5b,100767658
Agrn,100765949
Opa1,100751873
LOC103158872,103158872
Cebpe,100770450
Cdkl2,100753865
Rab11fip3,100758750
Agr3,100768729
Sharpin,100765740
Alx4,100750505
Tbc1d19,100765477
LOC100754768,100754768
Commd1,100767564
Gnat2,100772380
Akt3,100752454
LOC100772031,100772031
Numbl,100769776
Pla1a,100759743
Card6,100769285
Smg1,100752584
Ssh2,100755577
LOC113835305,113835305
Plppr4,100754065
LOC100755748,100755748
Fam214b,100769112
Numb,100771300
Rcan3,100753641
Chrnd,100763831
Tmem168,100763355
Tekt5,100774827
Dok1,100760042
Ccnh,100762144
Gpr160,100766599
Fbl,100765730
Hbb,100689319
Lum,100755861
Ca13,100771949
LOC100759549,100759549
Fam155a,100754176
Limd1,100759535
S100pbp,100750966
LOC103162417,103162417
Ces1,100761459
N4bp2,100766471
LOC100773326,100773326
Dnajc15,100770437
Ank2,100757830
Batf2,100759752
LOC100767690,100767690
Poc1b,100765537
Polrmt,100762430
Snapc4,100761303
Mapk3,100753149
Papln,100770835
Bcat1,100763658
Kcmf1,100753827
Art5,100759641
Pak1,100767503
Cirbp,100689075
Cnep1r1,100759409
Thrb,100768029
Slc35b2,100758269
Rfxank,100768124
Srpx2,100750375
Xpo1,100770879
Rnase4,100755695
Alox12b,100761707
Sdf2,100760942
Ammecr1,100759636
Atp5mc2,100772366
Txnl4a,100760868
LOC100751590,100751590
LOC100756398,100756398
Rbm27,100764061
Znf827,100772729
LOC100770573,100770573
Gdpgp1,100772319
Mea1,100770359
Bsdc1,100752123
Urb2,100768105
LOC113837364,113837364
Luc7l,100768915
LOC103162325,103162325
Tex38,100769829
Gas8,100752777
LOC107977630,107977630
Cep85l,100763810
Itgav,100752313
Trnaw-cca,113836878
Nuggc,100772589
Il1r2,100759030
LOC100762688,100762688
Zdhhc15,100766131
Idh3g,100751753
Rab3a,100759024
Dennd4b,100767268
Tnnc1,100764205
Nmb,100771746
Dnajb12,100759717
Dlc1,100771649
Lratd1,100764785
Znf202,100759931
Uaca,100753602
LOC100767636,100767636
Glb1l3,100757469
Ak4,100755987
LOC100765289,100765289
Rnase6,100755989
Chst2,100767419
Arv1,100773285
Gypc,100773140
LOC100770644,100770644
Gabrp,100766614
Vamp7,100754032
Arid3b,100751851
LOC100759972,100759972
Nup37,100771280
LOC113835706,113835706
LOC100761566,100761566
LOC100772765,100772765
Psmb5,100769586
Mllt1,100773703
Nup35,100757207
Ogfr,100765720
Uhrf1,100758459
Galnt1,100763868
LOC100774300,100774300
Caps2,100760290
Dmgdh,100759503
Tmem229b,100761341
Syt1,100753843
Ntm,100753468
Pdgfd,100756952
Bzw2,100759248
Gpt,100689054
LOC100761893,100761893
Vwc2l,100751178
LOC103158834,103158834
Znf507,100759047
Top3b,100758653
Plcb3,100760134
Snx6,100757927
LOC100768685,100768685
LOC100773074,100773074
Bola2b,100770374
Csrnp1,100752750
LOC113832491,113832491
Mmp17,100757244
Srsf5,100757287
Gbx1,100769092
Pak1ip1,100763693
Cerk,100763715
Akr1b8,100689318
Sez6l2,100775088
Fxr1,100689323
Casp8,100689369
Aldoa,100771717
Wsb1,100760356
Arpc5,100766799
Atg16l1,100771530
LOC100760306,100760306
Alg9,100755062
Bhlhe40,100765325
Opcml,100753173
Tbc1d22a,100764002
Ddx51,100773225
Hook3,100770791
LOC100761108,100761108
LOC100764507,100764507
Wnk1,100755657
Ddr1,100762536
Cipc,100762121
LOC100759667,100759667
LOC107977149,107977149
Wdr62,100771016
LOC113839002,113839002
Ess2,100751728
LOC100754300,100754300
Pxmp4,100774286
Bysl,100765734
Rai2,100751572
LOC100763210,100763210
Pex11b,100754487
Hsd17b13,107977063
Tut1,100756173
Ipo4,100760098
Acoxl,100772220
Jun,100766306
Pebp1,100753772
Prpsap2,100758809
C3ar1,100771140
Il12rb2,100758602
Rin2,100764316
Psrc1,100774619
Bsx,100762865
LOC100762047,100762047
Znf800,100772711
LOC113834029,113834029
Ptpn14,100761406
Spink8,100767379
Asb10,100761357
Dapk1,100766355
LOC100772719,100772719
LOC103159201,103159201
Osgepl1,100767715
Gpn1,100757373
Gtf2a1,100750765
Rnf26,100760368
Arhgap23,100755359
C7,100769002
Sumf1,100766494
Ephx2,100757328
LOC100753702,100753702
Prim1,100762443
Nfe2,100770204
Arfrp1,100762329
Slx4,100770082
Zmynd10,100752121
Btf3l4,100753985
Zmym5,100751650
Gbp5,100767428
Pgm2,100761029
LOC100772489,100772489
LOC100771702,100771702
Capn7,100766061
Nnmt,100767696
LOC100757337,100757337
Fkbp1a,100763474
Ghitm,100753936
Pcdhac2,107980371
Fastkd3,100772361
Pigt,100765538
Plec,100682530
Acvr1,100758565
Plod1,100763844
Ebpl,100762126
LOC107976981,107976981
LOC118239846,118239846
Gramd1a,100758316
Gabrg3,100764373
Egr2,100770422
Ccsap,100769539
LOC100770560,100770560
LOC100773485,100773485
Bex3,100770930
Ube2g1,100757519
LOC100770313,100770313
Nars2,100771333
LOC113837579,113837579
Ttc7b,100772058
G3bp1,100761148
Tcf19,100756450
Brd3,100768189
Ddc,100761742
Fgfr3,100764560
Sugp1,100763754
Bloc1s2,100754144
Nol10,100762799
Fam50a,100759186
LOC100757320,100757320
Lsm10,100759318
Nxpe1,100769997
Rasal2,100754098
Rapgef2,100754995
LOC107979351,107979351
Crtc2,100751848
LOC100771073,100771073
Washc3,100771573
LOC100759556,100759556
Ddx23,100767790
Tmem240,100765368
Itpr2,100758965
Ngly1,100770329
Usp32,100763480
Swap70,100752959
Glis3,100760016
Imp4,100773345
Lamp1,100689406
Mall,100772805
Rims1,100758413
LOC100755948,100755948
Lamb1,100757343
C5H1orf112,100764089
Btbd7,100765835
LOC103160794,103160794
Pigc,100772999
Enkd1,100764090
Zdhhc14,100773605
Fmo4,100753048
S100a3,100770814
LOC103158561,103158561
Slc10a1,100756998
Prkra,100766102
LOC100752202,100752202
LOC100751600,100751600
Sbk2,100768070
LOC100753162,100753162
LOC100753071,100753071
Prps2,100767893
Hprt1,100769768
Rer1,100757730
Macrod1,100759258
Rtl9,100759351
Topors,100765733
Plekhg3,100765328
Krt2,100752858
Fam120a,100759484
Grina,100753055
LOC100753182,100753182
Obi1,100756107
Ptafr,100772043
Ppia,100769490
Taf13,100766831
Brd8,100774001
Itpkc,100770355
Dlg3,100770281
St7l,100760945
LOC100770213,100770213
Tacc1,100754086
Rab9a,100767493
LOC100769403,100769403
Samhd1,100763736
G6pd,100689469
Znf451,100750506
LOC113831658,113831658
Mycbp2,100763589
Spsb1,100768949
Psen2,100752237
Tspan8,100760857
Rnf24,100764634
Osbpl11,100755618
Tmem86a,100753144
Grwd1,100774235
Sh3bp1,100751677
LOC100759987,100759987
Peli3,100760911
Ttll4,100770741
Nploc4,100754863
Ccdc65,100767212
Dhx40,100756345
Neil2,100756411
Map3k11,100762677
Amfr,100762626
C2H1orf159,100766731
Oaf,100765087
Ppp2r3c,100752573
Tfg,100757801
Alg12,100770096
Lclat1,100753881
Alg11,100771009
LOC103158914,103158914
Myzap,100772021
Usf3,100768025
Aldh2,100772225
LOC103160923,103160923
Dync1h1,100771366
Hyal3,100753318
Psma1,100773907
LOC100761987,100761987
Irf1,100756092
Arap1,100774696
LOC100767106,100767106
Lpar6,100750873
Fam120b,100750992
Serbp1,100758887
Eml2,100756651
Pgap2,100689385
Bivm,113830656
Tube1,100756741
Mark1,100757648
Kdm4c,100771667
Bag6,100763893
LOC100767782,100767782
LOC113831433,113831433
Vps37a,100751708
Camlg,100769365
LOC100770363,100770363
Stk38l,100756080
Lrrc61,100765423
LOC100760000,100760000
Nkain1,100761718
LOC113837429,113837429
Mtfr1l,100761781
Slc39a5,100751461
LOC100756845,100756845
Cdkal1,100758711
Znf653,100768507
Skp1,100757677
Ap2m1,100773058
Slc30a9,100767136
Ino80,100762469
Lrrn4,100772398
Mapk1ip1l,100774859
Mir702,102464955
Pdk1,100774056
Pbk,100755573
LOC100762870,100762870
LOC100770118,100770118
Flvcr1,100766724
Ptpru,100766961
Tmem263,100761080
Pla2g5,100754426
Lrp6,100772150
Crebrf,100770049
LOC100758862,100758862
Crlf3,100771341
Tuba1c,100682526
Gmpr2,100758075
Mphosph10,100762733
Umad1,107978906
Prxl2c,100760049
Eif3g,100763004
LOC100761268,100761268
Sipa1l3,100763106
Gfod1,100767640
LOC100764795,100764795
Gfus,100689348
Csf1,100767142
Taf1d,100753646
LOC100773431,100773431
Fcer2,100769597
LOC100770987,100770987
LOC113838120,113838120
Znf558,100770008
Leprot,100755400
LOC100767707,100767707
Cacna1g,100761932
LOC103160703,103160703
LOC113834678,113834678
Casp2,100689445
Nhp2,100759402
Pgs1,100689449
Angel2,100767019
Lysmd3,100767184
Rabl2b,100755429
Slco2a1,100771580
LOC100764894,100764894
Nsmce4a,100774921
Usp42,100765020
Efna4,113833115
Prrg2,100766552
LOC100757781,100757781
Erp29,100762501
LOC100764176,100764176
Fam78b,100760702
Rph3al,100760314
LOC100751222,100751222
Dnajc7,100753520
S100a4,100770532
Dennd2b,100750899
Pogk,100769000
Prmt7,100759617
Casq2,100752020
Akap8,100771696
LOC103160317,103160317
Ddrgk1,100689201
Lama1,100765555
Higd2a,100750940
Arpc2,100774430
LOC100768894,100768894
Kctd9,100753176
Ubxn2a,100761536
Rnf114,100760193
Tmem160,100752783
Ube3a,100772382
Gtf3c2,100766655
Wwox,100756740
Dock5,100752876
Nim1k,100762530
LOC107980379,107980379
Tbc1d5,100769381
Pdhx,100750352
Col9a3,100757317
Lsm11,100763675
Dchs1,100760642
Eef1akmt3,100761001
Sp2,100762021
Adam9,100754662
Cage1,100765629
Tm9sf2,100766991
Slc25a39,100756348
Samm50,100769261
Adam18,100756928
Cks2,100760104
Phrf1,100775084
Puf60,100758296
Rwdd2b,100768876
LOC113838739,113838739
Sap18,100760388
LOC100758394,100758394
Mmachc,100751045
Cdc14b,100759761
Eif2ak4,100763206
Polr2d,100755604
Tnfaip8l1,100757308
LOC100761109,100761109
Cenpo,100755730
Cand2,100770365
Napg,100766387
Adm,100760129
Rpp40,100760840
Dnal1,100774309
Znf862,100766003
Endod1,100763760
Serpinb1,100756986
LOC100757723,100757723
Got1,100762297
Rnf130,100767479
LOC113830702,113830702
Cfap20dc,113830637
Cuedc2,100750415
LOC100762425,100762425
LOC113838327,113838327
Mrps16,100762457
Slit3,100766846
Apba1,100774931
Drc3,100754466
LOC113833995,113833995
Srfbp1,100773240
Lrrc8a,100768968
Cmss1,100757899
Ccdc66,100752485
LOC113838421,113838421
Tnni2,100766918
Borcs5,100772441
Zmym2,100762715
LOC103163056,103163056
Acy3,100763612
Nek1,100759305
Mtrf1,100770151
Coq10a,100750875
Fcamr,100773580
Znf688,100752552
Mmp16,100762646
Dchs2,100774272
Fam102b,100754924
LOC100772045,100772045
Lrpap1,100766187
Ankrd29,100755582
Cwc15,100775065
Acp2,100756404
Arl5c,100766973
LOC100768789,100768789
Etv6,100771873
Btbd11,100761949
Cblif,100756309
Nsfl1c,100763758
Pvrig,103161366
LOC100753568,100753568
Slc26a4,100757917
LOC113838175,113838175
LOC113837096,113837096
Rnf215,100759166
Znf496,100759515
Ptprz1,100751453
Efcab14,100769544
Ylpm1,100772484
Rfx7,100769524
Tchp,100757220
LOC100765989,100765989
Gabra2,100771532
Eda,100768945
Trpm1,100761471
Lamp3,100757631
Atoh8,100751745
Col28a1,100760882
Cabin1,100764877
Ikzf5,100766537
LOC113837242,113837242
LOC100750657,100750657
Luzp1,100767278
Erlin2,100770510
LOC100753968,100753968
LOC100767747,100767747
Tor3a,100774895
Tra2a,100764681
Znf574,100757627
Chd2,100756099
Cdk5rap2,100764684
Ptgfr,100757080
LOC100760153,100760153
Sgcg,100762423
Snx31,100757250
Znf185,100764129
Gtf2ird1,100769489
Ckap2l,100754478
Mcmbp,100754052
Nol3,100759448
Fbxl14,100755365
Papolg,100760680
Porcn,100765928
Mki67,100756884
LOC100773492,100773492
Ngf,100750778
Ccdc102a,100766334
Vps4a,100763128
Napa,100765071
LOC100768249,100768249
Cul7,100771595
Zc3h12c,100753033
Nup160,100765104
Znf687,100770608
LOC100764813,100764813
Mrps26,100769748
Scfd1,100763574
Carns1,100765077
Rictor,100750773
LOC103163771,103163771
Dpy19l1,100765722
LOC100766894,100766894
Cnr2,100752745
Mprip,100766510
Rnf111,100773181
Fam169b,100769400
Eapp,100763566
LOC100760123,100760123
Pwwp2a,100766797
Robo2,100750990
Tmem79,100755853
Kcnq1,100761481
LOC100771759,100771759
LOC100750437,100750437
Mogat3,100769277
LOC100753685,100753685
LOC113838692,113838692
Tmem60,100757990
Slc25a20,100765000
Vgll4,100753837
C3H6orf62,100758362
Jtb,100766005
LOC100765393,100765393
LOC100769250,100769250
Slpi,100758279
Idh3b,100771661
LOC100766092,100766092
Uap1l1,100771350
Msantd4,100755388
Ppp1r37,100753728
Gtpbp2,100758529
Ccdc85c,100769004
Aamp,100775009
Frem1,100764944
Faap100,100754573
Pdf,100762250
Mtmr4,100753422
LOC100754804,100754804
Pcna,100689335
Hs1bp3,100774467
Rps19bp1,100770022
Col17a1,100766261
Ccdc174,100765768
Stag1,100759452
Btg2,100766229
Chid1,100755120
Dync2i2,100762959
Itih5,100761693
LOC113837191,113837191
Wdr18,100753331
Abhd12,100765125
Dennd5a,100767226
Peak1,100758721
LOC100768776,100768776
Bco1,100760350
Rab10,100757662
Aste1,100765786
Hexim2,100760493
Trim54,100773379
LOC100753122,100753122
Aen,100765585
Atp8b4,100759968
Bahd1,100753540
Nop53,100763895
LOC113835016,113835016
Dalrd3,100764409
Il19,100774163
Pmvk,100759992
LOC100774032,100774032
Lipt1,100763903
Clcn4,100762547
Faf2,100767643
Pfn1,100753478
Atf4,100689386
Moxd1,100758693
Washc5,103158844
Gfod2,100764685
Kcnk9,100756282
Tmprss4,100770511
Them4,100769809
LOC100769029,100769029
LOC100751202,100751202
Mylk,100758406
Aplp1,100773034
LOC100750604,100750604
Slc18b1,100775093
Cib4,100760371
Mboat7,100766440
LOC100769865,100769865
LOC100759151,100759151
LOC100765674,100765674
LOC103158733,103158733
Rad9a,100761098
Coro7,100689177
Hif1a,100751293
LOC113833499,113833499
Slc15a4,100761469
Mab21l4,100760762
Dok7,100765890
Wipi1,100750963
Tef,100761103
Slc50a1,100757783
LOC113838206,113838206
Arhgap25,100766511
Fstl3,103160351
LOC118237676,118237676
LOC100765224,100765224
LOC100770663,100770663
Tlr6,100689185
LOC100762490,100762490
Mta2,100752944
LOC100763623,100763623
Eif4e,100773768
Rassf5,100758747
Setd7,100767175
CUNH1orf198,100773569
Uvssa,100766412
Rhbdl1,100771192
Yif1a,100763610
Gpatch1,100757025
Setdb1,100765697
Arpp19,100765476
Commd5,100753405
LOC100764329,100764329
LOC100766504,100766504
Mrps11,100769823
Fitm2,100771223
Nhej1,100769596
Ddx58,100766319
Srsf9,100763712
Smarcd3,100768809
Nlrp10,100769318
Pi4ka,100756055
Calr3,100759217
Ssr3,100759016
Mark3,100774552
Ttc28,100772639
Col3a1,100753589
Arhgap24,100761525
LOC100756657,100756657
Dguok,100769222
LOC100754546,100754546
Plb1,100761810
LOC100772302,100772302
Kmt2d,100765465
Nudt21,100755858
LOC113832011,113832011
Gsr,100757970
Prkaa1,100769574
Nap1l1,100763316
LOC100764913,100764913
Aplp2,100758329
Trem1,100765213
Mpp1,100755110
Ap2s1,100764194
Acp5,100768228
Creb1,100761582
Flt4,100766609
Sdf4,103159168
Amz2,100774378
Polr3gl,100755742
Arl5b,100773320
LOC100760730,100760730
Exoc3l4,100756620
Kif27,100764407
Tbca,100760678
Eps8l2,100751674
Tfpi2,100765973
Fam219a,100770378
Mgat5,100760162
Traf3ip2,100774308
Hoxc4,103158598
Uprt,100764380
Nup205,100773309
LOC100773149,100773149
Irag2,100765506
LOC100772006,100772006
Zfyve26,100759300
Sacs,100765225
LOC103159011,103159011
Rbsn,100767223
Unc50,100766666
LOC107977585,107977585
Morn1,100757445
Lrba,100762923
Pfkfb3,100762756
LOC100770811,100770811
Foxred2,100769253
Dazap2,100775021
Olfml2a,100750647
Tpm1,100770615
Alg8,100766150
Rrm2,100752542
LOC100768211,100768211
Prpf40a,100774137
Nfic,100770733
LOC113836811,113836811
Atn1,100767627
LOC100761326,100761326
Kiaa0586,100753699
Pdgfrb,100764374
LOC100751431,100751431
LOC113835189,113835189
Xrcc2,100750706
Ptpn13,100758903
Sfxn3,100750440
Kifap3,100754239
Cav1,100753021
Lzic,100770661
Psmd14,100764392
Tom1l2,100754181
Kremen2,100771248
Etv3,100750397
Adamtsl4,100763942
Ndrg1,100758250
Pdxk,100768396
Slc25a11,100770598
LOC100772223,100772223
Ccr7,100773169
Zmat2,100755600
Traf3ip1,100771421
LOC100758347,100758347
Msra,100752589
Dnpep,100764694
LOC100763249,100763249
LOC118239862,118239862
Erp44,100750874
Bclaf1,100773081
Selenot,100768242
Slc7a6os,100760110
Dis3l2,100774616
Nudt2,100769146
Rgs1,100758831
Mier3,100766598
Tinag,100751448
LOC100767729,100767729
Arhgap21,100766620
Ap3m1,100689277
LOC100764952,100764952
LOC100774416,100774416
Atp5f1a,100770431
Map1s,100772627
Emx1,100768849
Xpo7,100750532
Runx2,100753922
Kbtbd3,100755102
Pdlim4,100762311
Smug1,100770488
Fkbpl,113832490
LOC100750424,100750424
Ptbp2,100766066
Fam3b,100764355
Ddx49,100765219
Gdf7,118239881
LOC113837221,113837221
Lztfl1,100760415
Rab13,100765716
Zyg11b,100761327
LOC100752965,100752965
Rbm25,100770267
Mycl,100751865
Guf1,100756221
LOC103161891,103161891
LOC107979388,107979388
LOC100768845,100768845
Cracr2a,100763551
Unc119b,100755761
LOC113835386,113835386
Clu,100756447
Znf263,100765651
Ptrh2,100759231
LOC100774037,100774037
LOC113838339,113838339
LOC100753603,100753603
Krt13,100758976
LOC100768885,100768885
LOC113838679,113838679
Med8,100767178
Mafk,100763840
Mmp2,100774744
Tnnc2,100769291
Casp3,100689061
LOC100773549,100773549
Cops4,100755032
Shoc2,100767502
LOC113838417,113838417
Mzt2b,100756780
Dhodh,100756632
Klrg1,100761776
Enpp6,100757074
Plch1,100760460
Gabrr1,100769153
Gm2a,100759507
Kdelr1,100750912
LOC118238340,118238340
Magi3,100763218
LOC100770641,100770641
Slc12a6,100771685
Zfp62,100770543
Ftcd,100754097
Atrx,100767383
Ogfod3,100772993
Prpf8,107976990
Tp53bp2,100770953
Ddx20,100752364
Dynlt3,100761090
Thoc6,100767984
Gab3,100757434
LOC113832249,113832249
Fam136a,100773052
Lgals1,100751963
Mib2,100773643
Fnbp4,100764816
Aagab,100756630
LOC100751903,100751903
Rell2,100750889
LOC100763078,100763078
Rem2,100764771
LOC107977561,107977561
Ccdc92,100767201
LOC100771264,100771264
Nrm,100763789
Pptc7,100750650
Polr3a,100753811
Dus1l,100770971
Col4a1,100757740
Adig,100765200
Nrap,100761828
Trappc2l,100753676
Bmp7,100759897
Cnot9,100772865
Hnrnpc,100751290
LOC100765968,100765968
Fam50b,100759390
LOC100753683,100753683
Wtip,100764082
Zfand3,100755969
Ints1,100764130
LOC100772803,100772803
Tubgcp6,100753745
Nucb2,100754356
Miga2,100753105
Polr1g,100755473
Sf1,100760817
Plce1,100754217
Eloc,100757872
Abcc5,100774121
Sds,100769224
Atp5if1,100771468
Cdc14a,100772604
Rbm45,100764756
Tstd1,100764675
C1qtnf2,100765047
Nfatc4,100768420
LOC100753744,100753744
Aunip,100763527
Zdhhc8,100771194
Strn3,100765220
Chrnb2,100761068
LOC113832187,113832187
Mcm3,100774903
LOC118238964,118238964
Apex1,100689281
LOC118237589,118237589
Hoxb6,100774559
Ninj2,100756238
Tmem9b,100751770
St3gal3,100689187
Skap2,100755938
LOC113838273,113838273
Fbxw8,100752372
Zbtb20,100769361
Fermt2,100762844
LOC100751616,100751616
Xrn1,100760243
LOC100763166,100763166
Nxf1,100753177
LOC113837214,113837214
Ttll6,100760107
Ccny,100771569
Crot,100750995
LOC113833363,113833363
Nsun2,100760286
Gp1ba,100770316
Rab42,100763462
Dync2li1,100760943
Klhl36,100772106
Galr2,100760610
Fahd2a,100774837
Ddhd1,100761687
LOC103158595,103158595
Gapdhs,100767862
Ppp1r2c,100771445
Nrxn3,113830701
Tcf12,100770871
Ermard,100752150
LOC100760423,100760423
Ahsp,100770599
Caps,100759707
Iqcg,100764504
Sntg2,100752603
Calr,100689096
Gabrr3,100773638
Baz2b,100770047
Rbfox2,100757818
Il33,100761971
Ilf2,100768916
LOC103158874,103158874
Hnrnpk,100762670
LOC100772016,100772016
Rfc1,100689407
Azi2,100750738
Apoa2,100768641
Smarcd1,100773634
LOC107977726,107977726
Kidins220,100768633
Cdkn1b,100689401
LOC100754633,100754633
Znf710,100764728
LOC118237633,118237633
Fam83a,100760967
Jak3,100773497
Rnf32,100752173
Zer1,100769353
Nucb1,100753243
Lrrc46,100754208
Slmap,100769052
Calhm2,100753368
Psme3ip1,100759431
Snrpa,100764569
Gopc,100761187
Znf157,100770761
Reps1,100770024
Ginm1,100762603
Cfap69,100768630
Vapa,100758387
Bclaf3,100752113
Mark4,100754604
Atg9b,100769671
Six5,113837294
Cacng4,100771968
LOC100762310,100762310
LOC100769437,100769437
Siah1,100774026
Pkp4,100757509
Josd1,100773825
Adcy6,100768368
Ccdc112,100759442
LOC100763834,100763834
LOC100755639,100755639
Psma7,100769350
Cyfip1,100759530
LOC100761126,100761126
LOC100764240,100764240
Cdhr4,100759988
Krr1,100760872
Traf3,100756323
LOC100760369,100760369
LOC103160853,103160853
LOC100750526,100750526
Mrpl37,100752974
Xkr8,100763746
Tbxas1,100772642
LOC100757974,100757974
Mbip,100757668
Nmt2,100756019
Gas2l3,100764083
Pla2g6,100751421
Myo7b,100771690
Tars1,100773026
LOC100751806,100751806
Epha4,100754542
LOC100766345,100766345
Abraxas1,100766855
Bloc1s5,100766796
LOC100754732,100754732
Slc22a23,100762294
Atg16l2,100751003
Dnajb13,100759263
Pacc1,100764103
Ptgr2,100750573
Cdk5rap3,100752708
LOC100763914,100763914
Tiam1,100756100
Plxna3,100761215
Znhit1,100768706
Aqp11,100768567
Fndc3a,100775061
Gpr182,100752156
Tmem163,100761336
Pnpla7,100753361
Tcf3,100768423
Csnk1g1,100774663
Nom1,100752769
Shtn1,100774279
Ift57,100758071
Klhl30,100772873
LOC100767716,100767716
Arhgap17,100759183
Lrrc27,100772130
Tmem109,100774426
Lpar3,100759265
Pfdn1,100752168
Znf35,100768992
Crygs,100765744
Pgp,100770052
Dapp1,100751628
Snupn,100761247
LOC113838748,113838748
Mon2,100758745
Eya1,100772860
Decr1,100753128
Ccdc9b,100761022
Vwc2,100753653
Epcam,100770236
LOC100751755,100751755
Nol11,100767464
Mcrip2,100759898
Polb,100774965
LOC113837251,113837251
Rnf40,100750431
Pdzd11,100769702
Spg21,100751665
Fam171b,100752911
Usp31,100765286
LOC100763967,100763967
Tmem220,100770411
Ttc17,100750794
LOC100754445,100754445
Dnhd1,100761219
Zbtb49,100773082
Esrra,100761304
Pole3,100752018
Gss,100753200
Sdcbp,100754014
LOC118239920,118239920
Otud6b,100768059
Ccdc191,100773871
LOC100761347,100761347
LOC100754416,100754416
LOC100753790,100753790
Hoxa1,100759424
Mrpl24,100752311
Sgsh,100755391
LOC100767358,100767358
Ildr1,100766502
Cxxc4,100750942
Ap4m1,100774803
Ptprj,100765394
Fbxl2,100766573
Ebp,100765639
Znf317,100767939
LOC100769249,100769249
LOC100766260,100766260
LOC100760545,100760545
Slc31a1,100689094
Aasdhppt,100754811
Kcnc2,100759610
Flna,100760050
Vipr2,100760918
LOC100756718,100756718
Pmf1,100756436
Dctpp1,100769832
Clnk,100767591
Crybg3,100752646
C5H2orf76,100761351
Scarf2,100772350
Kank3,103160001
Tmod4,100769079
Ccdc88c,100753852
Insr,100766818
Rgs10,100758318
Cnpy4,100750605
Maged2,100754879
LOC113837265,113837265
LOC100760748,100760748
Edar,100763209
LOC100767916,100767916
Cdc45,100689362
LOC118237612,118237612
Pde1c,100774969
Hgf,100764472
Smg5,100762914
Tcap,100759695
Rps6ka4,100750354
Myo5a,100753457
Pigz,100750622
Usp36,100768120
Spin1,100763151
LOC113838411,113838411
Atp13a1,100762605
Jak2,100769337
Tsr2,100756047
Cit,100755517
Homer3,100764933
Fndc4,100757660
LOC113837435,113837435
Tial1,100757458
Ciao3,100772638
Nle1,100774821
Cfap299,107977446
Mpg,100758892
LOC100774946,100774946
Tgif2,100753778
LOC100752806,100752806
Znf189,100755468
Erc2,100770769
Kel,100758474
Uba5,100762493
Adgrl4,100756599
Klhl6,100758501
Rfc3,100768752
Abhd17c,100759841
Cab39,100772119
Hk1,100765413
Ist1,100756334
Tmem253,103159964
Hdac2,100764557
Ern2,100761252
Baz1b,100760864
Spdya,100755331
Qsox2,100760425
Tomm20,100761619
Slc9a8,100759611
Tbx18,100767622
Epgn,100771437
LOC100752799,100752799
LOC100753420,100753420
LOC100765731,100765731
Ddb1,100764133
LOC100767905,100767905
Fam178b,100768604
Mkln1,100754523
Rhoc,100774717
Snx8,100769926
Ankdd1b,100773274
Tent4b,100759123
LOC100774171,100774171
Dennd10,100752411
Hsd17b7,100767580
Dpp8,100773914
LOC100770489,100770489
Mtmr14,100754286
LOC113839061,113839061
Eya4,100754333
Sos1,100757521
LOC113837706,113837706
LOC100767824,100767824
LOC100751687,100751687
Zmiz2,100765539
LOC113838325,113838325
LOC100767523,100767523
Lifr,100773023
Calu,100750933
Ube2d2,100757523
Usp11,100770478
Grpel2,100758874
LOC100754453,100754453
Rplp0,100756201
LOC100770526,100770526
Ap5m1,100754336
Arl10,100768218
Ptpn4,100757007
Calhm6,100774476
Pex2,100689047
Pex19,100689302
Esf1,100771608
LOC100765745,100765745
Cdc16,100759495
Rps6ka5,100753249
Slc25a23,100750391
Rpl3,100771906
LOC100765623,100765623
Phyhd1,100768676
LOC107977725,107977725
Flywch1,100772983
Mtrf1l,100770110
Vdac3,100774187
Arid3a,100764162
Cdk5r1,100773660
Rasa1,100762440
Mthfs,100758328
Reps2,100751880
Sema3c,100765927
Impdh2,100689398
E2f6,100767557
Pcgf5,100769081
Lmbrd1,100753381
LOC100762352,100762352
Kri1,100771958
LOC100766671,100766671
Rpf1,100767673
Mfsd5,100769120
Atp2b1,100764066
Tmem249,103159760
Gtpbp4,100753267
LOC100754043,100754043
Capg,100774775
Lgr5,100763381
Pex3,100760471
Izumo4,100759426
LOC100772906,100772906
LOC103164416,103164416
Sidt2,100763144
Znf821,100756049
LOC100767739,100767739
Cnih1,103160710
LOC107977044,107977044
LOC113838807,113838807
Nadsyn1,100771407
Znf280c,100773685
Gpr19,100750479
Nckap5,100759872
Oga,100751586
Nhlrc2,100751107
Pms1,107977244
Cers1,100765511
Chek2,100769280
Dcbld2,100772480
Nip7,100759635
Mcat,100770744
Rassf9,100760002
Psmc4,100766608
CUNH9orf40,100764740
Trappc8,100750879
Ap3s1,100770551
Dpf3,100760706
Hoxb3,100750662
Mns1,100770101
LOC100757759,100757759
Sema3a,100757705
Il1r1,100758740
LOC103164576,103164576
Bmp2k,100769791
Antxr1,100769395
Pkp1,100764930
Oprm1,100770962
Taf12,100769367
Zbtb21,100761452
Col2a1,100755037
Swt1,100752723
Pcmtd1,100764383
LOC100760082,100760082
Vps13c,100769846
Wdr41,100761254
Bpnt2,100756245
Trim28,100767882
Asah1,100771068
Add2,100753858
Th,100760127
Dtx2,100764941
Zdhhc4,100757078
LOC113830716,113830716
Nr1d2,100768895
Otop3,100758515
Tom1,100757162
Ints14,100773630
Cfdp1,100768565
Ankrd10,100766146
Astl,100750643
Mrpl17,100758899
Rap1gap2,100765938
Fam110d,100771715
Glis1,100771925
Rragb,100764180
Rbm48,100763637
Bbc3,103164214
Ticrr,100762467
Trpv3,100767987
LOC100762859,100762859
Ca11,100750594
Arid5a,100773678
Ubl4a,100761792
LOC103162410,103162410
Glud1,100759948
LOC100765757,100765757
Tapbp,100775092
Pawr,100754431
Adra1b,103160164
LOC100771249,100771249
Ddr2,100689338
Snrpb,100751537
C1H4orf47,100770001
Tmco3,100757323
Inpp5k,100764873
Rbbp7,107977000
Kcnip2,100753351
Tssc4,100759348
Hif1an,100752342
Zwint,100771183
Smndc1,100758118
C4H11orf1,100772044
Fastk,100762130
Uba7,100770619
Palm,100751852
Clcc1,100768001
Fbxo5,100773759
Znf629,100774911
Wasf2,100759260
Parp4,100765231
Lrrc8b,100765646
Src,100757188
U2af1,100766015
Cdkl4,100756171
Mrnip,100768063
Dusp10,100773751
Glt8d1,100762757
LOC100765587,100765587
Nampt,100767492
Atf6,100772173
Ppp4r3b,100767958
Tmem44,100773464
Pitpna,100764577
Prune1,100766866
LOC100758684,100758684
Hecw2,100767617
Grk6,103161260
LOC113838070,113838070
LOC100751053,100751053
Ocrl,100774848
Elmo3,100765847
Taf3,100760532
Pggt1b,100759155
Rsph14,100767963
Zfand1,100761393
LOC118239776,118239776
LOC113835123,113835123
Map4,100763590
Cpxm2,100759007
Cops7b,100762866
Ptbp1,100752134
LOC107977231,107977231
LOC100755233,100755233
Dkk3,100767109
Angpt4,100761260
LOC100768756,100768756
Sertad3,100764273
Serinc2,100760850
Lats2,100760686
Pcbd1,100767749
LOC100757037,100757037
Prr5,100752193
LOC113837286,113837286
LOC100770298,100770298
Adat1,100767121
Fhl3,100751268
Hspa9,100689405
Rwdd3,100773353
Usp51,100766236
Extl1,100770000
Atg4c,100754372
Map7d2,100752405
Slc45a4,100775003
LOC113834338,113834338
Pdcd6,100750445
Mast3,100759593
Mfng,100762875
Ube2l6,100756751
Hras,100773737
LOC100764446,100764446
Mydgf,100757594
Ttll5,100756538
Il6st,100767181
Rev1,100756056
Ebf4,100750951
Hdac4,100767877
Lsm12,100761943
Paqr7,100762071
Nap1l3,100751174
C2H5orf34,100761661
Ntng2,100764012
Chrna1,100755935
Ankrd13a,100756344
Ndufaf7,100756458
Wsb2,100753469
Hgh1,100764479
Syne2,100767452
LOC100774332,100774332
Samd8,100763843
Eef1akmt1,100761262
Kansl2,100758344
LOC118237696,118237696
Castor1,100754150
Rgs2,100758258
Ncoa2,100762955
Tepsin,100762986
LOC100750854,100750854
Rbm43,100771753
Lmbrd2,100754477
LOC100759650,100759650
Themis,100752569
Rpl24,100757231
Gabpa,100756649
Glra2,100751068
Mtmr11,100759793
Prelid1,100764743
Ybey,100752720
Pyurf,100763403
Mto1,100754228
Ell3,100754376
LOC100773942,100773942
Rwdd2a,100762277
Znf512b,100764259
Dock9,100768424
Ankfy1,100757230
LOC100761204,100761204
Atp11a,100761170
Dcaf12,100771230
Psmb3,100756232
Tm2d2,100774168
Wdr54,100763337
Mitf,100754846
Tmco1,100758664
Socs3,100769267
Smarca5,100754132
Med24,100759120
Necap1,100774802
Dcaf4,100752324
Anapc7,100765036
Plac9,100754984
Camp,100767672
Tenm4,100767886
Bckdk,100755998
Saxo2,100763911
Gprasp2,100767299
Lpar4,100752179
LOC100753281,100753281
Nid2,100769615
Tmed1,100757205
Lsr,100757093
Scaf11,100754449
Dennd2a,100770913
Nfu1,100772473
Crbn,100762708
Fbxo28,100754171
Mro,100771601
LOC113833997,113833997
Bend3,100768308
Bicd1,100762966
Hgs,100765681
LOC113838358,113838358
Canx,100689345
Ascc1,100759170
Fem1a,100769384
LOC100751331,100751331
LOC118238184,118238184
Micall2,100771058
Vcan,100766891
Plekha3,100766979
Sh3rf1,100759020
CUNH12orf40,100758516
Jmjd8,100771483
Yy2,113837645
Kmt2e,100756731
Adat3,100769481
LOC113838302,113838302
Ctbs,103162615
Ripor1,100762946
Ptges,100770965
Exosc9,100759081
Xdh,100766626
LOC100756292,100756292
Nme7,100762945
Arfgap1,100759225
LOC100767704,100767704
LOC100765765,100765765
Atp8a1,100756975
Tanc2,100772256
Phf20,100762872
LOC113831992,113831992
LOC100765974,100765974
LOC103158934,103158934
Lmnb2,100766421
Heatr5b,100764477
Ccdc47,100751560
Znf407,100760917
LOC113838889,113838889
Zbtb11,100758669
LOC100772471,100772471
LOC100764433,100764433
LOC100772170,100772170
Acbd5,100771023
Mrm1,100758744
Aqp3,100758981
Efs,100771792
LOC100751046,100751046
LOC113838854,113838854
LOC100758425,100758425
Nmnat1,100771233
Top3a,100772501
Ttc26,100769199
Nfix,100764552
Gak,100766883
Amotl2,100771000
Zcchc13,100761284
Snapc3,100766104
Donson,100769724
Ddit4,100759745
Nif3l1,100758007
Atf6b,100767112
Gpc3,100768919
Khsrp,100774871
Mylpf,100772226
Angel1,100761072
Ranbp1,100770912
Spc25,100761897
Zdhhc1,100762062
Pdxp,100755599
LOC100750729,100750729
Maob,100759648
Ccdc153,100755793
Pnpla2,100753746
Ctnnal1,100766294
Cdc23,100752608
Rpl22,100766349
Pcyt2,100756894
Epb42,100768600
Clk2,100755756
Etfa,100758144
Tufm,100766830
Efemp1,100750809
Lacc1,100769755
Parp3,100764843
LOC100761468,100761468
LOC100774518,100774518
Col8a1,100755279
Ddx59,100758928
Mynn,100768054
Rbfa,100763391
Rps2,100689058
Usp27x,100767675
Iba57,100763588
Hnrnpll,100758670
Ptprr,100764538
LOC100750571,100750571
LOC100770860,100770860
Baiap2l1,100763126
LOC100751726,100751726
Usp38,100753531
Znf660,103160302
Ola1,100770881
Pik3r5,100751224
Rasgef1a,100771113
Echdc1,100764713
LOC100757490,100757490
LOC113838332,113838332
Slc11a2,100764508
LOC100768108,100768108
Prss45p,100771310
Cdh4,103160107
Znf692,100755812
Cela1,100750829
Agpat4,100761743
Cort,103161317
Slc35f6,100760665
Fmo5,100750494
Kmt5a,100774411
Pemt,100767954
Arhgap29,100773090
LOC100773433,100773433
Steap1,100768056
LOC113832472,113832472
Prpf18,100750534
Mllt10,100754095
LOC113835216,113835216
Trit1,100773722
Mdh2,100763194
Polr3h,113830647
Rnpep,100755451
Nrde2,100770339
Lcp1,100754592
Letm1,100764264
Naa25,100762204
Klhl10,100755541
LOC113838024,113838024
E2f1,100758556
Pnpo,100753308
Bap1,100765297
Zfand2a,100767585
Zc2hc1c,100755671
Tiam2,100771450
Gyg1,100751671
Znf639,100756466
Ptcd2,100757791
Lrrk1,100768506
Lat,100764497
Dok6,100763321
LOC118240016,118240016
Leo1,100752559
LOC113838365,113838365
Yod1,100773294
Wbp1l,100758219
LOC100770388,100770388
Akt2,100768351
Dennd11,100750485
Tmem95,100765490
Rpn1,100762811
Vrk3,100769608
Ccnd3,100766025
LOC113833526,113833526
Fbxl6,100762650
Acadvl,100767527
Micos13,100759422
LOC100750691,100750691
Trpm4,100754433
Bcl9,100751238
LOC100770228,100770228
Crebzf,100763322
LOC100755213,100755213
Eif2b1,100770460
Sec11a,100752256
Thap6,100754165
Aatk,100753989
Tnik,100772764
Nxnl1,100754777
LOC100772658,100772658
Uhrf1bp1l,100764679
Golga7,100752519
LOC100750637,100750637
Cobll1,100753532
Alg2,100768412
LOC100767289,100767289
Hsd17b8,100766230
Srgap2,100758268
Tob2,100758626
Eml3,100755884
Dmrt1,100757765
CUNH6orf132,100772166
Tmem209,100755824
Kbtbd2,100768350
LOC100755770,100755770
Fbn1,100761283
Rbck1,100761016
Sgk3,100767615
Pou6f2,100768772
Pfkm,100754270
Hbs1l,100750806
LOC100773686,100773686
Pradc1,100770278
LOC100760794,100760794
Trafd1,100761916
Rps15a,100751993
Ccne2,100760464
Pik3cb,100689252
Rsbn1,100762930
Filip1l,100755572
Zkscan8,100765641
Anapc10,100772439
Hgd,100762426
Mrpl9,100770389
Phc2,100756136
Golga3,100771774
Stk3,100763795
Smarcad1,100767543
Fgf7,100761599
Polr3f,100766844
Surf2,100770577
CUNH7orf57,100752964
Haus3,100770464
Psd3,100754008
Snx21,100769579
Blmh,100754419
Cfi,100767614
Trappc12,100764787
Adgrg5,100765170
Kiaa0753,100755478
Nfrkb,100756883
LOC100756085,100756085
LOC100756505,100756505
Nsmf,100752463
Hhipl2,100755908
LOC100755074,100755074
LOC107978734,107978734
Slc1a3,100689464
Znf783,100762961
Map4k4,100761058
Tlnrd1,100760136
Atpsckmt,100759315
LOC100768913,100768913
LOC100761024,100761024
LOC107979446,107979446
Ube2e2,100766861
Utp3,100774325
LOC100773612,100773612
Asip,100750676
Ctu2,100765955
LOC100770593,100770593
CUNH10orf62,100758819
Rtf1,100773205
Pah,100774376
Usp43,100768395
Fam53b,100771312
Gtpbp10,100768924
Lactb2,100773724
Megf6,100769242
Axl,100772486
Lypla1,100755288
Stn1,100757852
Reep1,100767668
S100a11,100758869
Znf296,100753129
Naxe,100762326
Spg7,100763722
LOC103163256,103163256
Shf,100772067
Dnai3,100753679
Ephb6,100762813
LOC100774846,100774846
LOC100762600,100762600
Sppl2a,100759395
Ccar2,100769631
Cidec,100750457
Rpl35a,100754849
Fdps,100754883
Setdb2,100774155
Stat2,100764772
Ryr2,100774683
B4galt6,100689438
LOC100774822,100774822
Ddx60,100760761
Cby1,100774410
Rinl,100768629
Mbd5,100750416
LOC100754048,100754048
Znf169,100758704
Rab12,100762920
Mrm3,100761762
Rdh10,100765162
Chmp6,100753694
LOC100764810,100764810
Ppip5k2,100769408
Gemin5,100766595
Arhgap28,100765840
LOC100756773,100756773
Gnl3l,100755751
Zmat5,100774480
Slc36a4,100752115
Ecpas,100757449
Znf367,100760926
Psmf1,100761835
LOC100761179,100761179
LOC100752187,100752187
Orc2,100689333
LOC113837786,113837786
Pde1b,100689193
Tfap2a,100764951
Cd164l2,100759840
Deup1,100753613
Kiaa1755,100764914
Glo1,100764266
LOC103163515,103163515
Psme4,100773419
Xpo5,100755295
LOC100774242,100774242
Tmem201,100769513
Zmiz1,100754403
Ormdl3,100772138
Nme6,100763307
Tshz1,100752361
Samd10,100764555
Map10,100771840
Clcn3,100759588
Nkiras2,100753822
Heph,100753439
Znf184,100770477
Anapc1,100770891
Stam,100772157
Znf18,100768111
Ift88,100761553
Pigk,100761996
Stard7,100757954
LOC118239485,118239485
Aamdc,100767599
LOC100766073,100766073
LOC113835883,113835883
Edc4,100752917
Rbfox1,100766551
Slc2a6,100769228
Rere,100770191
Ctnna3,100763869
Fto,100771560
LOC100767772,100767772
LOC103159203,103159203
Tmem235,100769843
LOC113837193,113837193
Adgrg1,100764884
LOC100766746,100766746
Slco5a1,100770502
Srgap3,100758603
Csnk1a1,100758298
Slc12a9,100769820
LOC103162208,103162208
Tubgcp2,100771527
LOC100760159,100760159
Safb,100771098
Mcph1,100758167
Mex3c,100773339
Ccdc82,100762899
Gorasp2,100773471
Gap43,100751655
Card11,100769055
Slc2a10,100774864
Klf10,100775085
Preb,100764138
Ccdc58,100767366
LOC100763848,100763848
LOC100773020,100773020
LOC100768170,100768170
Fam117b,100767817
Orc5,100689042
Rgs19,100766929
Zbtb9,113830705
Eif2s3,100769010
Sult2b1,100774216
LOC100771923,100771923
Fam3a,100762082
LOC100772325,100772325
Card10,100762588
Tpst2,100771893
Tns3,100754614
Cpeb1,100759655
LOC100756821,100756821
Cep19,100751790
LOC103161548,103161548
Neb,100754575
Ggnbp2,100759034
LOC103159657,103159657
Dcun1d4,100756000
Mef2c,100774573
Kif20b,100764040
Slc8b1,100771144
Aacs,100750893
Mrpl16,100756893
Phactr4,100770606
Nlgn2,100759673
Sphk1,100762053
Stx18,100772503
Jrkl,100763189
LOC100754927,100754927
Lgals3,100756046
LOC100756990,100756990
Kif7,100762172
Thra,100770653
Reep4,100766183
Rftn1,100770810
LOC100757378,100757378
LOC100759664,100759664
Cep41,100757951
LOC100763642,100763642
Ndrg4,100761199
Mtf1,100752132
Chd5,100766055
Rab11fip4,100770486
Stx3,100757185
Afg1l,100770027
Rcn3,100755345
LOC100756013,100756013
Sap30l,100768241
Arl1,100751351
Klhl2,100757106
Ppp1r13l,103159296
Hspb3,100774495
Ncapd2,100753087
Ca3,100774549
Peg10,100763982
Clybl,100767276
Mocs1,100764408
Ppp1r3f,100767964
Prpf38a,100755230
LOC113830751,113830751
Mtrex,100768244
Kiaa1328,100763806
Mrpl48,100760633
LOC103158903,103158903
LOC113837088,113837088
Pappa2,100753799
LOC100769580,100769580
Lima1,100772761
Cmtr1,100755381
LOC100773260,100773260
Mlst8,100757018
LOC100752453,100752453
Atp6v1c1,100773930
Cep112,100762658
LOC100754734,100754734
Btg3,100753614
Dthd1,100751886
Dus2,100750570
Dmac2,100774519
Ranbp6,100763135
Znf239,100771691
Cdh9,100758572
Grm1,100751598
Stmn3,100761744
Dct,100764118
Artn,100755266
Pikfyve,100758487
LOC100757158,100757158
LOC100770541,100770541
Mgst1,100774867
Naf1,100757451
Ndufs6,100751523
Prkdc,100770748
Wapl,100752368
LOC113837295,113837295
Ccdc80,100765789
LOC100753971,100753971
LOC100758507,100758507
Abhd16a,100771419
Ints8,100757889
LOC100756545,100756545
LOC100772022,100772022
LOC100771938,100771938
Znf286a,103158583
Cdr1,100769322
Lpar1,100757522
LOC100689011,100689011
LOC100754918,100754918
LOC100758643,100758643
Lsm7,100772252
LOC100761052,100761052
Tmprss7,100764328
Ube2o,100762350
Rxra,100768377
Mcam,100755316
LOC118237878,118237878
Nsd1,100773206
Wdr81,100765687
Ctnnb1,100773307
Ncoa7,100773831
Cpxm1,100771369
Aplf,100765532
Dbndd2,100765248
Exoc1,100770306
Cd68,100762586
LOC118238073,118238073
Sun1,100769590
Tulp3,100762976
Hps4,100774207
LOC100754835,100754835
Plk3,100762491
LOC100768835,100768835
Uevld,100751959
LOC100772139,100772139
Spp1,100769547
Ssh1,100772936
LOC100755796,100755796
Mex3b,100757764
Mphosph6,100751608
Mtmr3,100750781
Lcp2,100766904
Rap1a,100751497
Senp2,100758372
Nrp2,100754976
Galnt11,100758359
Relch,100750853
Igf1r,100768531
LOC100756005,100756005
Plk1,100760676
LOC100756955,100756955
LOC100770637,100770637
LOC103158567,103158567
Als2cl,100767195
Sec23ip,100753157
Mrto4,100750586
Ntpcr,100763065
Pcnt,100764247
Mkks,100769625
Smarcc2,100752036
Hibch,100759780
Ciao2b,100760527
Acadm,100763159
Tjp1,100773110
Rdh13,100759393
Mapre1,100751441
Medag,100753882
Sh3pxd2b,100773407
Timm44,100758774
Crcp,100756386
Dclk2,100764661
Stt3b,100752084
Suox,100768542
LOC100768653,100768653
Gspt1,100753280
Xkr9,100774892
Camta2,100772126
Klc1,100689219
Slc17a6,100773912
Stk25,100754386
Hacd3,100752449
LOC113839234,113839234
Gad2,100757642
R3hcc1,100771057
Ilk,100689388
LOC100773314,100773314
Mapk8,100771734
LOC100773531,100773531
Plekhf1,100753659
Sv2c,100758927
Dnajb1,100753924
LOC100758601,100758601
Lrrn3,100755702
Rab32,100751302
Tnfrsf21,100768355
Rxfp4,100764058
Rit2,100773742
Pex13,100689378
LOC100771780,100771780
Igsf9b,100752572
Adra1a,100758859
Lrrc29,100760321
LOC113838707,113838707
Gas2l1,100773328
LOC100756416,100756416
Actn1,100755831
Limk1,100770918
Hpse,100755610
Lmbr1l,100764890
Ift140,100774958
Ext2,100751585
Cnih4,100760720
Fam53a,100766117
Nrip1,100765412
LOC100759682,100759682
CUNH22orf39,100772934
Recql4,100754533
LOC100763878,100763878
LOC113839095,113839095
Nphp1,100756804
Enox1,100770334
Mtmr12,100750401
Mettl8,100766650
Phtf1,100760604
Ino80b,100764793
Fam71e2,100773246
Ccnl2,100770856
Shroom4,100755869
LOC103158995,103158995
Lmnb1,103161362
Ccdc15,100755146
Lrrc49,100752897
Shroom3,100770119
LOC100759529,100759529
Dcaf8,100762613
Sh3bgrl3,100768563
Gpr153,100755439
Gimap4,107977102
Ank1,100754018
LOC100762667,100762667
Ift46,100758681
Stk40,100764545
Zpbp2,100768988
Atf3,100763246
Antkmt,100773224
Chaf1a,100756533
Lamtor3,100751917
Noa1,100756189
LOC100769812,100769812
Supt16h,100750703
Kctd7,100757850
C8H2orf42,100770743
Pik3ap1,100764327
Srbd1,100762977
Tcte3,100774972
Slc38a6,100752560
Znf740,100770364
LOC100753969,100753969
Pik3c2a,100756350
Hspa12a,100758140
Tango6,100754699
Znf646,100755411
Fbf1,100758866
Scly,100774221
Nr1d1,100771327
Drosha,100766983
Magt1,100764570
Ddah2,100761676
Plekha1,100762379
Abtb2,100756314
Rab4a,100769824
Cad,100689232
Hspa14,100751911
Dync1li1,100768032
Kdelr3,100750636
LOC100770975,100770975
Slc5a7,100764885
Tpd52l2,100763204
Kif1c,100753779
Aspdh,100755598
Septin8,100762885
Kiaa1549,100771392
LOC100767550,100767550
Taok1,100758772
Inppl1,100772102
Nenf,100763815
LOC100773890,100773890
Atf2,100754663
Usp54,100762693
LOC103159087,103159087
Rint1,100763529
LOC100761339,100761339
Afp,100768980
Plcg2,100752475
LOC100757511,100757511
LOC113838873,113838873
Serpinc1,100750462
Phkg1,100754334
LOC100761567,100761567
Mpzl2,100751338
Map2k1,100689403
Champ1,100758920
Il1rl1,100760768
LOC100760433,100760433
Scrib,100758586
LOC100767496,100767496
LOC100762774,100762774
Col5a3,100763294
Anapc15,100774442
Dedd2,103160330
LOC100772169,100772169
Brat1,100761522
Dnah3,100752771
LOC100773256,100773256
Ccdc167,100755674
LOC100764148,100764148
Tgfbr2,100773953
Heca,100774249
Wwp2,100761484
Mink1,100752881
LOC100753155,100753155
Nvl,100759165
Acly,100773325
LOC100774109,100774109
Rnf8,103162332
LOC113837250,113837250
Triap1,100763139
Krcc1,100769396
LOC107977646,107977646
Znf180,100772662
LOC118239790,118239790
Ndufb11,100689361
Set,100766742
Syt11,113830660
Lsamp,100751365
Ralgapb,100760158
Xpnpep1,100774913
LOC100753110,100753110
LOC100756984,100756984
Lpl,100689191
Ppp6r1,100772081
Lca5,100750959
Traip,100759129
Tmem242,100771103
Fbxl4,100764957
Sh3rf3,100761460
Cfap20,100763131
Gtf3c6,100770634
LOC100770616,100770616
Pomk,100771074
Pinlyp,100769502
Srebf1,100689018
LOC103164411,103164411
Stx16,100767343
Tmem51,100766562
Trdmt1,100773025
Isoc1,100773735
LOC100774134,100774134
Dusp11,100770939
Prickle4,100772474
Kif2a,100756108
Setd1b,100753294
LOC100774620,100774620
Myo16,100757553
Rpl7a,100772298
Sytl1,100760427
Riok3,100754135
LOC100756289,100756289
LOC100765005,100765005
Telo2,100774669
Fbxl8,100758388
Hspb7,100751681
Ppox,100767777
Arfgap3,100767017
Fam71f2,100750641
Irx5,100773873
LOC113837106,113837106
LOC100766469,100766469
Prdm15,100763200
Tab3,100752839
Toe1,100752093
LOC100752061,100752061
LOC100753562,100753562
Trmt1l,100752418
LOC100773132,100773132
Grm8,100758817
Pgrmc1,100769956
Znf746,100762378
Iqsec3,100756354
LOC100752137,100752137
Ctsw,100767305
Ctns,100764451
Mcm3ap,100753019
Fam216a,100751529
Aurkb,100753283
Pcgf1,100761496
Xpot,100755659
Atg5,100759159
Ahcyl2,100754476
Mrps33,100774673
LOC113833532,113833532
Atxn7l3,100754412
Alk,100760366
Dgke,100765113
LOC100753467,100753467
Sirt7,100757186
Suv39h2,100755145
LOC113838492,113838492
Ccdc130,100765628
Cndp2,100760626
LOC100762069,100762069
Sytl3,100760902
Mpnd,100756243
Tle3,100754091
Zfp36,100772937
Gtf2e1,100763009
LOC113833190,113833190
Nppc,100772809
Sema6d,100758662
LOC100763452,100763452
Matn2,100754409
Vkorc1l1,100757934
Msto1,100753624
Sf3a3,100751561
Nup88,100754367
Pclaf,100755621
LOC100774343,100774343
Snx9,100773889
Ift172,100757945
Megf9,100764388
Dcst2,100774289
Map3k7,100774341
Ccdc77,100753915
Nppa,100774350
Rnft1,100759519
Rnd2,100770443
Stoml2,100769404
Setx,100763725
Dmac2l,100768179
E2f2,100754522
Lss,100753498
Cinp,100755743
Mipol1,100770377
Hr,100765886
Med21,100756366
Tspan7,100766835
Tubgcp4,100768027
Ap4s1,100763289
Cdk16,100769331
Katnb1,100763993
Myo9a,100752004
Rasa2,100765379
Zbtb44,100754935
Dcc,100758377
Matr3,100755480
Sptlc1,100689326
Rad51d,100766176
LOC100753272,100753272
LOC113838686,113838686
Setd6,100761490
Hcar2,100765472
Melk,100774970
LOC103164509,103164509
Tcta,100763762
Sfrp4,100767339
Acacb,100753124
LOC100759795,100759795
LOC100768654,100768654
LOC100753143,100753143
Armh1,100755338
Dvl3,100773535
LOC107977681,107977681
LOC100771164,100771164
Nkiras1,100767443
Slbp,100765822
Centrin-2,100768482
Ctnnbl1,100764320
LOC113837176,113837176
Slc8a1,100760799
Kdelr2,100765889
Twsg1,100755780
LOC100760985,100760985
Arl2,100760039
Klhl32,100768357
Copg1,100763679
LOC100774280,100774280
LOC100762114,100762114
Tmtc4,100766112
LOC100756748,100756748
Msi1,100764296
LOC113838573,113838573
Osmr,100772447
Zscan25,100751482
Bmpr2,100764519
LOC100762860,100762860
Bckdha,100774234
Hnrnph3,100756529
Socs5,100764298
LOC100767041,100767041
Cog8,100759350
Akap11,100769001
Stam2,100774991
Ap1b1,100752826
Crx,100770134
LOC100755741,100755741
Ncoa6,100751846
Rit1,100759141
Hipk2,100767468
Ccnjl,100767662
LOC100761375,100761375
Emp2,100767430
LOC113837287,113837287
Stkld1,100771726
Pde7a,100760222
Thoc7,100753038
Zfp14,100759956
LOC118237743,118237743
Sgpl1,100761441
Eef2,100689051
Khdrbs1,100754970
Klhl20,100774070
Pias1,100757208
Tent5b,100771132
Sorcs2,100774826
LOC100761756,100761756
LOC100763730,100763730
Cebpzos,100757044
Otub2,100764676
Nr2c2,100766644
Hemk1,100750477
Slc9a5,100766142
Septin2,100772434
Ptprq,100774028
LOC113838780,113838780
Park7,100759195
Mgat4b,100768637
Galm,100756945
LOC100762049,100762049
Tti2,100760553
Ly6g6c,100762454
Entpd7,100751972
Mrm2,100770491
Wdr61,100755344
Gmppa,100765276
LOC100761408,100761408
Rpl3l,100754394
LOC113830664,113830664
Arf6,100774654
Dera,100750675
Cep44,100755401
LOC100765022,100765022
Tjap1,100754717
LOC100759871,100759871
LOC100762447,100762447
Fig4,100772123
LOC100760128,100760128
Spata17,100759946
F8,107977029
Gaa,100755105
LOC100767982,100767982
Pxk,100750396
Ankrd39,100769174
Fat1,100766718
Haus4,100769299
Ryr1,100766013
Znf654,100767528
Fam131a,100770285
Tdg,100772748
Hdx,100754145
Usp30,100772643
LOC103160729,103160729
Csgalnact2,100770830
Ccng1,100771963
Ern1,100750680
Chit1,100750757
Tmem234,100759600
Srsf11,100750677
Txndc9,100756342
LOC100758769,100758769
Rabgap1l,100751339
Kif25,100750864
Tom1l1,100758534
Slc3a1,100765887
Olfml3,100758953
Tpp2,100751018
Cant1,100767250
Wdr93,100761600
LOC113836361,113836361
LOC100770289,100770289
LOC113838752,113838752
LOC100773813,100773813
Sap130,100755025
Xylt2,100759604
Ncapg2,100752041
Sgf29,100769355
Prpf40b,100766649
Yif1b,100763966
Plac8l1,100762432
LOC100773362,100773362
Katnip,100763995
Fam189a2,100759969
Foxh1,100760801
LOC100765263,100765263
LOC100750508,100750508
Dnajc10,100689230
Heatr4,100752922
Pik3c2g,100754324
Tgfb3,100756831
Bpgm,100757548
Uimc1,100773489
Mtarc1,100756783
Dynlrb2,100766239
Slc16a10,100774015
Snrpd2,100757226
LOC113839111,113839111
Smox,100763379
LOC100750926,100750926
Tent2,100760805
Dcdc2b,100759892
Tmem80,100751385
LOC100758150,100758150
Clmp,100762282
Snrpa1,100771086
Cbln4,100761933
LOC118240006,118240006
Eif3b,100762979
LOC100756343,100756343
Snrpb2,100771707
Noc4l,100773506
Csf2,100765221
Arhgap20,100753596
Pcgf6,100764227
Dlgap2,100758058
Grhpr,100752744
Pheta1,100773389
Sesn3,100764047
Arsg,100751256
Lmo4,100774445
Rps14,100689292
LOC113838961,113838961
Lgals3bp,100767541
LOC100751667,100751667
Clip2,100769773
Mrpl30,100763336
Tomm40,100752231
Abcg4,100756677
Arl11,100764642
Akr1a1,100689106
Cbll1,100758211
Lrrk2,100768191
Prkcb,100760922
LOC100770923,100770923
Tmem104,100773756
Sh3glb2,100753400
LOC100755241,100755241
LOC100754853,100754853
LOC100766487,100766487
Abcb1,100682536
Fkbp2,100757160
Rbbp9,100766553
LOC100767001,100767001
Uhmk1,100770730
Cdk10,100762088
Myo10,100766312
Ftl,100753846
Clp1,100755872
Ccn2,100750810
Idh2,103158535
Foxred1,100758274
LOC103158792,103158792
Gfpt2,100767191
LOC103163831,103163831
Zkscan5,103160362
Dipk2a,100767713
Foxj3,100759136
Ifnl1,100771782
Adcy2,100773811
Bicc1,100771763
Znfx1,100756734
Rbm22,100767581
Abcb9,100772877
LOC107980333,107980333
Daxx,100774618
LOC113838725,113838725
Tacr3,100751020
Bcl7a,100753895
Scn10a,100755389
LOC100750541,100750541
Ddx52,100771911
Fam219b,100766049
LOC100758000,100758000
Tsc22d3,100760120
LOC100750400,100750400
Gtf2f1,100762222
Vash2,100765067
Dnase1l1,100689095
Oxsm,100769182
Mxra7,100774948
Nr2f1,100752362
LOC100757478,100757478
LOC113838945,113838945
Mre11,100750877
Iqcf1,100766292
LOC100769582,100769582
R3hdm4,100763874
Txn2,100771270
Anks3,100772275
Serpinf1,100766774
Jkamp,100763824
Klhl23,100765014
Msrb1,100753803
Arhgef16,100768964
LOC113834559,113834559
Usp45,100765820
LOC100759838,100759838
Snx24,100773139
LOC100755239,100755239
Pkn1,100752729
Pmpca,100761595
LOC100765042,100765042
Dpy19l4,100759810
LOC100760251,100760251
Fsd1,100755663
Thbs4,100762358
Fzd7,100766658
Tmem38b,100762094
Rnf13,100769516
Tmem179b,100753473
LOC113836782,113836782
Vapb,100768207
Rnf4,100770179
Rwdd4,100752671
LOC103162181,103162181
Ckmt1b,100754659
Ccnt2,100764441
Ube2h,100763741
Efl1,100763625
LOC100766720,100766720
Plekhg1,100767054
LOC100765981,100765981
Aip,100759077
Tspan12,100766717
Fbxl19,100757739
Dhx57,100759824
Duox1,100774391
LOC100768856,100768856
Hddc2,100753668
Ubiad1,100756009
Chrac1,100759753
Dctn1,100765083
Prss35,100761989
Maip1,100774093
Rad23a,100757595
Thap1,100751715
Id2,100769110
Rufy1,100766316
Rbm42,100751164
LOC113831278,113831278
Fbxl12,100764456
LOC100769603,100769603
Mroh7,100752079
Cpq,100753216
Plk2,100753472
Tmed8,100764153
LOC100762176,100762176
Pbx1,100772263
Lat2,100771985
Efhc1,100774119
LOC100767140,100767140
Hnrnpu,100767942
CUNH11orf54,100753132
LOC100769060,100769060
Stoml1,100753204
Ncr1,100767032
Smg8,100755762
Dhx15,100764898
Gprc5a,100751438
LOC103162633,103162633
Txndc15,100762993
Trim55,100774714
Tent4a,100760867
LOC107977746,107977746
Fhod3,100761354
Afdn,100751158
Zswim4,100758751
Atic,100750895
Mmp14,100689336
Ndc80,100751668
Tceanc2,100764013
C3H10orf88,100765951
Snx10,100756513
Myo1e,100773946
LOC100757101,100757101
LOC100758065,100758065
Arsk,100762898
Slc25a13,100766212
Tcf7,100757390
Pxn,100760740
Eif3f,100769028
Mical1,100752579
Extl3,100751999
LOC100756703,100756703
Dpagt1,100689054
Rsrc1,100759360
Mterf3,100761498
Ice1,100758843
Ep400,100770341
Dlg1,100774630
Itgb3bp,100757281
Nek9,100759330
Pias2,100773121
Znf217,100772974
Snapc2,100759063
LOC113838568,113838568
Prkce,100763552
Gosr2,100766577
LOC100750821,100750821
Rps26,100767971
Brd7,100758832
Crocc2,103161042
LOC118237668,118237668
Fam32a,100759796
Ireb2,100756122
LOC100755144,100755144
Bcl9l,100770128
Crtc1,100766676
Nav1,100763751
Ormdl1,100767133
LOC100760804,100760804
Abr,100762348
LOC107979406,107979406
LOC100765484,100765484
Ppp1r8,100772916
Ptp4a1,100763215
Hcfc1r1,100768272
Ubr4,100764402
Niban1,100751843
Ganab,100752162
Sgta,100764968
Lyrm2,100772894
Ankrd17,100768373
Mfsd11,100771567
Ccdc6,100761094
Abca1,100761226
Tbc1d14,100768969
LOC100774346,100774346
Aopep,100773268
Tomm22,100774120
Mettl7a,100764211
LOC100754583,100754583
Ralgps1,100762540
Senp8,100756226
Caprin2,100762439
Ppm1f,100758939
Pik3c2b,100767102
Slc39a1,100766982
LOC100753820,100753820
Lap3,100768932
Tstd2,100770141
Sesn2,100771178
Cenpl,100774360
Ddx54,100770376
Dnajc17,100752047
Nol7,100766776
Prdx6,100754867
Adamts16,100761157
Plxna1,100760933
Mybl1,100763528
Spata24,100756358
Elavl1,100754131
Sppl2b,100760584
Tmem14c,100763120
Aff2,100756662
Tmem91,100773651
Actr3,100759010
Timmdc1,100757811
Ppa1,100769185
Trub1,100754275
Polr2c,100765460
Camk1d,100772409
Rap1gds1,100756003
Actr5,100765489
Adat2,100759031
Nrbf2,100773882
Rassf2,100762209
Mrpl46,100770403
St8sia6,100774188
LOC100758511,100758511
Smad3,100759220
LOC100770350,100770350
Ube2q1,100750390
Gstp1,100689311
LOC113837915,113837915
Znf341,100759133
C2H5orf22,100766398
Lzts3,100768902
Galp,100764710
Gltp,100757510
Strn,100766324
LOC100768554,100768554
Zmynd8,100768704
LOC103160199,103160199
Tollip,100768283
Egr1,100755852
LOC107977039,107977039
LOC100761611,100761611
LOC118239882,118239882
Npas2,100756929
Ppp1r12b,100753601
Fbxo4,100768716
Psmb6,100769450
Ndfip1,100766303
Hspd1,100689473
Polr2b,100755901
Cdc37,100760178
Rnf43,100753125
Glb1l,100768265
Dgkz,100751991
LOC100755061,100755061
Ubtd2,100772830
Sema7a,100756433
Kat2b,100772054
Qrsl1,100767432
Socs6,100751669
Usp33,100758810
Sgo1,100771769
Erap1,100756235
Apbb2,100755787
LOC113835523,113835523
LOC100769836,100769836
Opn4,100752076
Pigu,100689380
CUNH1orf116,100769359
Surf6,100771435
LOC100757751,100757751
Tsnaxip1,100754120
Kdm2a,100763039
Pbrm1,100763050
Wdr77,100774828
Cptp,100769709
Ptma,100763157
LOC100769148,100769148
LOC100760261,100760261
Rnf170,100752002
Pkhd1l1,100768621
Afg3l2,100763687
C1d,100689353
LOC100770959,100770959
Tcirg1,100755303
Ifrd2,100753618
Slf1,100753941
Ttpa,100751868
Mms19,100766371
Vgf,100769566
LOC113838323,113838323
LOC100753172,100753172
Eipr1,100764491
Snrnp48,100766215
Elavl4,100773765
LOC100768405,100768405
LOC100763617,100763617
Mlh1,100769879
Adam19,100762809
Rasl11a,100758419
Ssna1,100774925
Ushbp1,100753904
Slc16a8,100756769
Armh3,100753840
Dnase1,100764185
Rab1b,100763898
Gsap,100760803
Senp3,100763163
LOC100770516,100770516
Mfsd4b,100771202
Btaf1,100769949
Slc35d2,100759470
LOC100765152,100765152
Arl6ip1,100752286
LOC118237614,118237614
Ypel5,100754468
Ubald1,100773153
Plaur,100689422
LOC113838716,113838716
LOC113838852,113838852
Vhl,100751916
B4galt7,100769652
Jup,100760007
Nfatc1,100764851
Ppp6r3,100761104
Mroh1,100756270
Cfl1,100760435
Znf423,100756719
Gsn,100753350
LOC100768367,100768367
Zbtb3,100754364
Nmt1,100759338
Iws1,100771981
Slc22a18,100761190
Tarbp1,100770970
Fhl1,100763662
Bcdin3d,100757267
Prelid2,100764955
Cenpp,100758284
Trim33,100761760
Loxl4,100761424
Erich1,100758343
Slc4a3,100767310
Sim2,100753141
Rttn,100759486
Sgcz,100773002
Madd,100757666
Sat1,100689427
Hhipl1,100769577
Cdin1,100765329
Plin4,100768515
Lrpprc,100761521
Dnajb11,100765455
Ppm1k,100763686
Kcnab3,100755337
LOC100764471,100764471
Tmem140,100763129
Nhs,100750403
LOC100767015,100767015
Sh3bp2,100768852
LOC100762263,100762263
Adnp,100757883
Pfdn6,100750607
Slc29a3,100767453
Tph1,100767923
Insig2,100689079
Ints6,100761628
Tnfsf9,100750679
Tmem202,100755353
LOC100773886,100773886
Dlat,100773493
LOC100772107,100772107
LOC100762845,100762845
LOC100764187,100764187
Selenof,100750444
Sra1,100753253
Yap1,100761993
Usp21,100767485
Anxa9,100766282
Brd4,100771403
Abcg1,100759619
Got2,100762838
Tjp3,100772461
Rpl19,100757685
Asns,100760225
LOC100768660,100768660
Btbd19,100754188
Exd1,100764230
Retsat,100750576
Sik3,100774415
Oat,100771896
LOC100769515,100769515
LOC100753695,100753695
Hrg,100764582
Aspa,100767695
Ndufs5,100770445
Pms2,100755917
Cwf19l1,100751475
Lrrc72,100760124
Aco2,100759203
Med15,100754109
Hmgb2,100762338
LOC100766318,100766318
Nmi,100771173
Tmem150c,100767602
Slc33a1,100756415
Pex10,100758018
Mfhas1,100773872
Irf2bp2,100770683
Commd8,100754822
LOC100765032,100765032
Acad11,100763073
LOC100756544,100756544
Vps26b,100751795
Slc43a3,100760704
LOC100755586,100755586
Serf2,100754083
Metap1,100761542
Ttpal,100769790
Trim24,100771974
Ppat,100760149
Susd1,100771406
Trappc11,100752972
Mapk1,100759514
Cln6,100760975
Nudt18,100765600
LOC113837375,113837375
Tex2,100769385
LOC113839453,113839453
Tada2a,100767795
Fam13b,100775045
Mlxipl,100760281
Trhr,100767758
Colca2,100754197
C3H16orf87,103162500
LOC113836341,113836341
Hlcs,100752840
Lgi2,100767999
Cog3,100770618
Ptpn23,100764470
Kcnd2,100767012
Gamt,100755964
Lrrc14,100759919
Polr2g,100754072
LOC100764386,100764386
Mtmr10,100764370
Gpd1,100772179
LOC113838538,113838538
Igfals,100753202
Atl3,100752365
Nde1,100771293
Rpl22l1,100750612
R3hcc1l,100767534
Hdac8,100765184
LOC100752268,100752268
Ggct,100774679
Rest,100756480
Relt,100752479
Ktn1,100752812
Cdh22,100767839
Sgsm3,100770172
LOC118239257,118239257
LOC100774888,100774888
Sirt4,100756695
Me2,100771311
Cchcr1,100754418
Man2a2,100764014
Dennd1c,100763098
Arl8b,100765619
Adal,100755738
Kpna4,100757318
LOC113839011,113839011
LOC100763925,100763925
Eif2ak3,100765343
LOC100765914,100765914
Slc35f1,100774041
Pex26,100753828
Tll2,100756031
Sec14l5,100773440
LOC103160836,103160836
Exog,100750872
LOC107977316,107977316
Ap5z1,100760656
Prdm4,100762237
Sqor,100770919
LOC107976972,107976972
Ihh,100774896
Cd53,100772300
Fmn2,100770806
Usp39,100773035
Zcchc10,103159796
LOC100758480,100758480
Hnrnpa2b1,100759302
LOC103160501,103160501
Kmt2c,100767367
Lgalsl,100755244
Spire1,100760597
Sumo1,100767238
Amer1,100751609
Pcsk7,100761308
Cd320,100756475
Nsa2,100755777
Nudcd3,100763685
Plek2,100761631
Snx13,100757982
Spring1,100751796
Mrpl45,100755070
LOC100770826,100770826
Cmbl,100757587
Tpmt,100767055
Ankrd50,100756565
Asb13,100766461
LOC113837336,113837336
Slc7a1,100689176
Stk36,100771030
LOC100755515,100755515
Ipo7,100752357
Slc25a24,100754168
Crhbp,100757291
Dpy30,100763394
Llph,100766851
Tigar,100771835
Ppp2r3a,100760513
Kiaa1841,100755497
LOC100769585,100769585
Wee1,100753258
Shmt2,100754714
LOC100763819,100763819
Ino80e,100773645
Ifitm10,100770183
Phlpp2,100754973
Ap2b1,100750609
Gabbr1,100770643
Hexd,100773287
Cdt1,100689460
Nkain2,100762810
Mybpc2,100774229
Tmtc3,100752433
Pdcd5,100758756
Wls,100767200
Eif2ak1,100764727
Exo5,100753327
Gatad2a,100757004
Aebp1,100762528
Hnf4a,100770083
CUNH9orf64,100764703
Plxnd1,100773048
LOC100761376,100761376
Ywhag,100764051
Gjb4,100765131
Irak4,100751891
C6H19orf48,100754726
LOC100766574,100766574
Rspo3,113833731
LOC113838792,113838792
Tubb,100689091
LOC100751186,100751186
LOC113837734,113837734
Arfgap2,100755528
Nfe2l1,100751832
Lpcat4,100770825
Ankrd1,100689447
Ptdss2,100689448
Cacna1a,100758171
LOC100766625,100766625
Rybp,100758801
Ncs1,100757383
LOC100768060,100768060
Btbd2,100759139
Spsb3,100752604
Lrp3,100769612
Slc16a6,100774087
Eme1,100759039
Smim7,100758354
Tonsl,100761088
Creld2,100689097
Ro60,100766132
Mpzl3,100751630
Rab11fip2,100773115
Snrpe,100763691
Fyb1,100774387
Lin54,100755318
Eif2a,100767762
Rsl1d1,100770494
Sft2d1,100754831
Chchd10,100766619
Adamts1,100761390
Tnfaip8,100772554
Igdcc4,100752753
Sin3b,100757579
Asnsd1,113830707
CUNH20orf202,100768041
Arl5a,100765602
Prex2,100764966
LOC100752674,100752674
Mis12,100755819
Muc5b,100769428
Polg,100755501
Ctcf,100763233
Prex1,100774282
Rpa3,100760299
Pfkfb4,100761571
LOC100770321,100770321
Exoc3,100756215
LOC103162569,103162569
Lamp2,100689316
Gk5,100765959
C4H15orf65,100768761
LOC113837382,113837382
Tmlhe,100757720
Ccdc51,100762437
Pgrmc2,100773430
Tmco4,100753234
Vezf1,100766279
Itga2b,100762814
LOC100761048,100761048
LOC103162086,103162086
Met,100751933
Utp4,100757324
Ercc2,100689272
LOC100765382,100765382
Orc1,100689425
Anxa3,100762572
LOC100766228,100766228
Cutc,100752859
Ets1,100767456
Tmem182,100757008
Abcb10,100774734
LOC113838338,113838338
Cdkn2d,100758546
LOC100769039,100769039
Irf3,100765676
Cpne5,100750402
LOC100771080,100771080
Agpat3,100763383
Fam189a1,100764965
Sbsn,100768152
Mansc4,100757727
Nsd3,100773097
Rpusd4,100758848
CUNH3orf14,100762512
CUNH11orf97,100755104
Map7d1,100763665
LOC100752553,100752553
Pip4k2c,100764086
Ccdc181,100761297
Gxylt1,100760543
LOC107977073,107977073
Retreg3,100759145
Il17rc,100751334
Lars1,100764360
Spry4,100764553
LOC100761790,100761790
Calm2,100765281
LOC100756490,100756490
Nfkbib,100769201
Laptm4b,100754119
Pdap1,100774507
Rfx2,100760779
Taf10,100760931
LOC107977018,107977018
Rbm20,100768081
Golga4,100754180
LOC103160924,103160924
Net1,100767327
Lemd1,100760186
Thyn1,100751507
LOC100759362,100759362
Dgat1,100755985
Cd2bp2,100774263
Ltn1,100760736
LOC100762573,100762573
Rab27b,100761592
Mrtfa,100770457
Ptp4a3,100772907
Pinx1,100754375
LOC100766643,100766643
Kif2c,100689309
LOC100772500,100772500
LOC100750585,100750585
Neu2,100689301
Egr3,100751698
LOC113838520,113838520
Dennd3,100774715
Znf319,100762951
Ccdc189,100751203
C1qtnf1,100766965
Mmab,100751940
Myh10,100759005
Fbxo8,100754825
CUNH8orf58,100769160
LOC100757770,100757770
LOC107976988,107976988
Stag2,100757438
LOC100754346,100754346
Cav2,100751645
Rpl13a,100773637
LOC100757671,100757671
Impdh1,100760550
Actb,100689477
Sardh,100761121
Ewsr1,100773033
LOC113838105,113838105
Prr14,100752068
Rbl1,100755818
Spr,100767396
Adamts4,100773045
Gata2,100762331
Sirt1,100763298
Htra1,100762962
Noxa1,100751678
Galnt14,100759781
Nat10,100773484
LOC113830754,113830754
Aph1a,100760965
LOC100762699,100762699
Il11ra,100752228
LOC100771466,100771466
Bloc1s6,100771201
Chd1l,100772942
Endou,100753999
LOC100772744,100772744
Sdr39u1,100767848
Fmn1,103164000
Slc66a2,100761560
LOC100759699,100759699
Gtf2h1,100751383
LOC100762559,100762559
Frem2,100754532
Fam98b,100762330
LOC100770581,100770581
Mxi1,100758403
Marchf5,100766578
Epb41l2,100756569
Smg6,100767685
Larp7,100754843
Vamp2,100753583
Atp10a,100774607
Rabgap1,100769979
Hadhb,100758239
Apobec3b,100772476
Slc23a3,100769122
LOC103158650,103158650
Slc5a5,100753604
Hrob,100762232
Sap30bp,100753135
Ankzf1,100773729
LOC100762900,100762900
Mecr,100767445
Nceh1,100756133
Myo19,100759803
Shox2,100772956
S100a1,100769478
LOC100767354,100767354
Sufu,100753058
Fbxo38,100763577
LOC100772156,100772156
LOC113839150,113839150
LOC118239332,118239332
LOC100769351,100769351
Gpr146,100768440
Ctif,100754827
LOC100751534,100751534
Cdca3,100757076
LOC100763924,100763924
LOC100760819,100760819
LOC100766939,100766939
Thop1,100764672
LOC113839123,113839123
Zrsr2,100769034
LOC100773575,100773575
LOC100754022,100754022
Aimp1,100689238
Osgin2,100752524
LOC100771947,100771947
Rpe65,100767488
Cacna1b,100770495
Fancm,100768967
LOC100769831,100769831
Uros,100757472
Cmpk1,100758717
Znf76,100755287
LOC100768487,100768487
Srd5a1,100761447
Mesd,100759548
LOC113832035,113832035
Jam2,100757794
LOC100757681,100757681
Bst2,100689092
Clptm1l,100773964
Cnot7,100773091
Nphp3,100768113
LOC100757243,100757243
Ldhd,100769710
Suds3,100758994
Dbh,100761411
Chmp5,100758690
Serpini1,100759152
Plxna2,100763940
Znf597,100765360
LOC100760757,100760757
Atp5mc3,100754380
Cherp,100755648
LOC103164571,103164571
LOC100762958,100762958
LOC100751913,100751913
Plscr4,100763227
Dph7,100753959
Sapcd2,100772508
LOC100767156,100767156
CUNH20orf141,100750658
LOC100771499,100771499
Abca6,100772341
Zbtb16,100769421
Vps18,100761887
Vstm1,107979759
Cep57l1,100771063
Mtss1,100762499
Cyria,100756339
Aftph,100754955
Apbb3,100756770
LOC118238049,118238049
Dtwd2,100773422
LOC100759911,100759911
Rin1,100762837
Wbp11,100754779
Dcbld1,100760899
Fam98a,100764161
C4H21orf91,100753013
LOC100753523,100753523
LOC100755236,100755236
LOC100756116,100756116
Atp6v1e2,100765179
LOC100767807,100767807
Wnk3,100761153
LOC100762779,100762779
Neo1,100759045
Anapc4,100767504
Eps8,100750968
LOC100750937,100750937
Mfsd13a,100752757
Glrx3,100754656
Lonrf3,100770239
Hvcn1,100774842
Fbxw4,100751884
Fastkd2,100757409
Smap2,100756534
Tuba4a,100767686
LOC100769230,100769230
Nktr,100767554
Trim8,100757352
Bicd2,100758573
Snx16,100759459
Pbxip1,100759705
LOC100751583,100751583
LOC113831906,113831906
Kdm7a,100773228
Lrrtm4,100767641
Hmmr,100772538
Acsl4,100760496
Ankra2,100755782
Cpne9,100754571
LOC118239768,118239768
Slc44a5,100763449
Tbc1d10a,100758877
LOC103159015,103159015
Dok5,100751739
Arhgef10l,100756389
Hacl1,100767514
Rad17,100773436
Scx,100763601
Phf3,100763501
Kiaa2013,100761634
Adgrb2,100774076
Cubn,100774474
Dsg4,100762072
LOC100757353,100757353
Gmcl1,100774214
Rps13,100689293
C1ql3,100767576
LOC100754792,100754792
LOC100753615,100753615
LOC103164217,103164217
Pcolce,100752170
Pitpnm1,100758789
Mrpl14,100755662
Angptl4,100754832
Fzr1,100762149
LOC100771583,100771583
LOC118239494,118239494
Pla2g12a,100767324
Pdia5,100766255
Samd4a,100750960
Yju2,100755173
CUNH6orf15,100754705
LOC100752629,100752629
Stx6,100753913
LOC100767993,100767993
LOC100769756,100769756
Fsip2,100754113
LOC100774468,100774468
Dync2i1,100760627
LOC113838436,113838436
Ruvbl1,100761458
Ublcp1,100762523
Fbxo42,100751392
Cd44,100750640
LOC100771934,100771934
LOC100771730,100771730
Apob,100762698
Tra2b,100756061
Cbx7,100750509
Synj2,100774472
Fam160b2,100750824
Cacna2d1,100764769
LOC113838366,113838366
Ext1,100689334
Gtf3c1,100763706
LOC100762680,100762680
Mettl5,100765596
LOC103163500,103163500
Ppp2r1b,100771272
Terf1,100689470
Tmcc1,100771412
Niban3,100774372
Adgrb1,100766156
Tspan14,100758665
Ddx39a,100752425
Hddc3,100764720
LOC100774879,100774879
Lipn,100761667
Spint4,100768149
Zc4h2,100756582
Ankrd44,103158580
Gcn1,100760442
Tfap4,100751080
Rab22a,100773378
Morn4,100759394
Prpf31,100765568
Eif4a2,100763323
Hmgn5,100774904
CUNH4orf36,100758616
Rala,100769632
Ubr5,100768719
LOC107978692,107978692
Ankrd49,100750582
Nuf2,100767003
Prr11,100755467
LOC113831642,113831642
Vps4b,100752222
Me3,100764482
Prr18,100755994
Smyd2,100761694
Hoxd4,107979126
LOC100759212,100759212
LOC100754630,100754630
Unc119,100761334
Dync1li2,100770140
Cers5,100774213
Cenpq,100764991
LOC118238492,118238492
Ormdl2,100771596
Spata13,113830662
Hoxd10,100752695
LOC103158811,103158811
Ppp2r2c,100750924
Gmfb,100754009
Pkmyt1,100771831
LOC107977418,107977418
Golga5,100751878
Idh3a,100754480
Rgma,100758121
Col22a1,100766816
Srf,100756170
LOC100773835,100773835
Nrsn2,100760428
Znf691,100773131
LOC113839235,113839235
Mrpl10,100754497
Vsig10,100758703
Dnajb5,100750493
LOC100764824,100764824
Nr3c2,100750556
Cstf1,100761066
LOC100755704,100755704
LOC100772944,100772944
Mettl2a,100752016
Itch,100751263
Prdx3,100773693
Taf1a,100773180
LOC100772575,100772575
Mylk3,100766446
LOC113839079,113839079
Grik2,100754248
Dzip3,100761551
Hsd17b10,100757689
Esco1,100764656
Ptprg,100761353
Cd276,100754397
Nudt13,100761096
Tmf1,100756487
Kcnip3,100774362
LOC100765463,100765463
LOC100769324,100769324
Map3k15,100751831
LOC100760047,100760047
Nagk,100758117
LOC113830699,113830699
Mfap1,100753487
Pgm2l1,100767063
Uhrf2,100762841
Ankrd27,100758465
LOC100757107,100757107
Gpatch3,100769311
Pagr1,100751387
Dtna,100761929
Cnot3,100765854
Kctd21,100765855
Psen1,100770550
Rbm41,100759826
Capza2,100753621
Nqo1,100760905
Fscn1,100758707
Usp7,100769056
LOC100756432,100756432
Serpinb2,100772151
LOC100775081,100775081
LOC103162695,103162695
Gls,100689202
Junb,100756141
LOC113839075,113839075
Hes6,100772285
Tomm70,100758190
Mrpl19,100766276
Eaf1,100754458
Macf1,100770726
Pdgfc,100765334
Dusp8,100768862
LOC100772401,100772401
Fam234a,100771773
Atp2b4,100764868
Osbpl7,100754782
Recql,100770914
Iqck,107980412
Cops8,100767812
Gdap2,100771093
Gucy1a2,100769238
Hnrnpd,100767887
LOC100772509,100772509
Pebp4,100751985
Zc3h12d,100759590
Apool,100755508
Mia3,100755615
Calhm1,100753669
LOC100759681,100759681
Brca1,100770724
Pex16,100750639
Dnajc16,100751780
Il21r,100763133
LOC100764069,100764069
Syne3,100767878
LOC100753164,100753164
LOC100766093,100766093
Stx4,100754836
LOC100774089,100774089
Sstr3,100750645
Lsg1,100773753
Hmbox1,103160896
Mdk,100752798
LOC107980358,107980358
Marchf8,100772199
Haghl,100772931
Dcaf17,100767135
Soga1,100754944
Dipk1a,100764055
Nprl2,100751840
LOC100754671,100754671
Slc44a3,100774225
Phf12,100767411
Mpp6,100757964
LOC100760248,100760248
Rab40c,100759606
LOC100756278,100756278
Plekhg6,100751119
Atp5mg,100757815
Snph,100762714
LOC118239634,118239634
Psma4,100756711
Tefm,100771926
Tes,100751144
Cfap126,100773340
Hoxb7,100774273
Zcwpw1,100754258
Igbp1,100768558
LOC118239746,118239746
Dnah11,100770442
LOC100766053,100766053
Phkg2,100750910
Fbxl16,100772347
Thtpa,100764351
Rasal1,100772012
LOC100756860,100756860
Hirip3,100773932
Dnajb4,100757372
LOC100765088,100765088
Acta1,100768972
Csnk1d,100751124
Myo18a,100765373
Grk5,100771151
Marchf9,100765264
Ap5s1,100765217
Taok3,100754068
Dcaf6,100770150
LOC100763692,100763692
Eif4a3,100757133
Cgn,100754199
LOC100757466,100757466
Necap2,100774256
Nub1,100759805
Rnpc3,100773770
Uba1,100769040
Prpsap1,100761764
Trappc5,100769309
Gpatch11,100765159
Znf318,100757338
Bbx,100769386
LOC113837914,113837914
Suclg1,100751457
Gnb2,100756281
Enpp2,100755955
Kcnb2,100764283
Wasf1,100772707
LOC100762019,100762019
Tuba1b,100682528
Erg28,100756249
Rtp4,100755040
Fam151a,100752673
Klhl1,100772180
Smo,100762005
Nasp,100761335
Mvp,100751094
Acox3,100767060
Cdh24,100766231
Erg,100764178
Map3k3,100753508
Slc25a10,100766192
Cops3,100760692
Atp2c2,100772976
Oser1,100771514
Rhno1,100769819
Fam83h,100754245
Supt3h,100753625
Plaa,100766011
Pdk3,100770270
LOC100764637,100764637
Cdc42,100765433
Dkkl1,100771803
LOC100753714,100753714
LOC100762938,100762938
N4bp2l2,100758949
Ldha,100689064
Fdx2,100761259
LOC118237742,118237742
Lrrc45,100769540
LOC113837275,113837275
Arid5b,100754803
Rwdd1,100772008
Slc43a2,100767730
Ankrd24,100769301
Slc9a3r2,100755262
LOC100758120,100758120
LOC100751672,100751672
Nadk2,100773611
Bub3,100767122
Wdr3,100772536
Plpp5,100772808
Tas1r3,100770003
Aak1,100771995
Mrpl42,100752233
Eif2s2,100750388
Trib3,100760725
Large1,100765249
Nlrp12,100762367
Nthl1,100755553
Oma1,100767334
Scmh1,100754510
Cpeb4,103158539
Ehmt1,100754544
Piga,100773712
LOC103161082,103161082
LOC118237846,118237846
Bcap29,100754548
Mmp21,100756697
Micu1,100759230
Trnt1,100762416
Yy1,100767279
LOC100752174,100752174
Cryzl1,100758122
Cc2d2a,100767719
Klhl12,100752808
LOC100771945,100771945
LOC100760636,100760636
Nsrp1,100754999
Dctn2,100757525
Xkr5,100755956
Traf7,100756531
Errfi1,100758904
Tigd3,100767431
Dph1,100765648
Utp20,100772924
LOC100768553,100768553
Zmynd19,100755700
Syt9,100763915
Fam76b,100764937
Lzts2,100757480
Psmd9,100768499
Rpf2,100770065
Col13a1,100769753
Cdk5,100762907
Phtf2,100758475
Fdx1,100751853
Hoxa9,100759995
Dnah14,100752669
LOC100766009,100766009
Cpne7,100763257
Rfxap,100774659
Dlg5,100762401
Ndufb6,100765445
Rgs7,100773500
Fryl,100753564
Dstn,100769161
Lxn,100757922
Psmd4,103161668
Suv39h1,100764568
St8sia1,100768920
Rmdn1,100757643
LOC100767645,100767645
Ubp1,100766280
Vwa5b2,100772287
LOC100768274,100768274
Gale,113830648
Nkapd1,100774078
Mrps25,100766935
LOC100751363,100751363
Trim63,100772288
Cldn25,100756403
LOC118237729,118237729
LOC113837581,113837581
Abce1,100773014
Rgs16,100762431
Pus7l,100751602
LOC100766962,100766962
Pard6a,100763804
Spaca9,100766755
Tmem200a,100762208
LOC100689337,100689337
Ubxn2b,100755666
Cldn15,100758840
Ankrd28,100767224
Sorbs1,100755778
Gpatch4,100753809
Elmo2,100769563
Tmc2,100751244
Banp,100768192
Btbd9,100756253
Cd5,100764231
LOC100752277,100752277
Cdc6,100689243
LOC100752388,100752388
LOC113837973,113837973
Clic1,100761384
Fip1l1,100756086
Rnf149,100759889
Aqp1,100773231
Tmeff1,100757893
Ankrd16,100765375
Ccl17,100764062
LOC100757436,100757436
Psip1,100763870
Ercc5,100764306
Top1mt,100759175
LOC100759787,100759787
Ppp2r2a,100758873
CUNH3orf38,100770974
LOC100763532,100763532
LOC100774738,100774738
LOC100770026,100770026
Slc7a11,100764546
LOC103164229,103164229
Ift27,100772135
LOC113831595,113831595
Nol12,100752251
Dctn4,100767865
Vav2,100759294
Ctr9,100757530
LOC100758500,100758500
Gdf11,100753230
LOC118239062,118239062
Myo9b,100756517
Syvn1,100765313
LOC100762197,100762197
LOC118237658,118237658
Pgap1,100761032
Ppp1r15b,100766520
Ptprs,100770533
LOC103161457,103161457
Coasy,100757898
Npm3,100751292
Zfyve16,100761003
Nppb,100773766
Atp9b,100765138
Pyroxd2,100768114
Chchd3,100750398
LOC118237871,118237871
L3hypdh,100764709
Efna5,100756587
Churc1,103160311
Ppp2r2b,100763205
Mmp11,100769414
Slc25a43,100769378
LOC100758918,100758918
LOC113833573,113833573
Smg9,100768645
Ralb,100757867
Vwa3a,100754479
Hint1,100764340
Myorg,103164296
Mgrn1,100772863
Tor4a,100774055
Tex12,100769839
Sik1,100752067
Prr13,100766907
Tmem179,100768694
Acd,100763518
M6pr,100759169
Rbm28,100774448
Stx2,100768784
Flot2,100766445
LOC100758527,100758527
Adipor2,100752717
LOC103164189,103164189
Pfas,100760956
LOC113838082,113838082
Ipmk,100772629
Cdk13,100772207
Atf1,100773050
Sphkap,100761697
Prmt5,100768836
Stard3nl,100767628
Urod,100753284
Cpn1,100752048
Igf2bp2,100755568
Rrp8,100759475
Mettl16,100765063
Foxj2,100770857
Jmjd7,100760377
Eef1b2,100753925
Alkbh3,100774403
LOC100768530,100768530
Gna15,100761285
Septin3,100763339
Cntrob,100755050
LOC100756262,100756262
Tvp23a,100750344
N4bp3,100767247
Sergef,113836303
Rbm15,100764622
Ube2r2,100771522
Btd,100755324
Mrpl22,100766885
Dag1,100762216
Mrpl44,100765972
Zwilch,100756333
Eefsec,100761746
LOC100764904,100764904
Lmtk3,103164350
Tmem150a,100773618
Uck2,100760992
Dsn1,100754649
LOC113830752,113830752
Anxa2,100760539
Eif5,100756911
Syde2,100753976
Hyal1,100752718
Mcm8,100772692
LOC100751233,100751233
Adipor1,100752505
Ing2,100755912
Ccrl2,100768546
Gpx1,100771188
Rbms3,100774438
LOC100768006,100768006
Lnp1,100757035
Pmpcb,100757021
Rtn1,100750648
Klf11,100753145
LOC100760563,100760563
Mdm2,100770120
Dmd,100774409
LOC113838820,113838820
LOC113832825,113832825
Znf131,100762817
Vps37c,100763936
Jazf1,100763585
LOC113832763,113832763
Metap2,100755552
Pir,100772846
Cxxc1,100770455
Tatdn2,100752200
Cdadc1,100763867
Itpr1,100764450
Siva1,100768983
Homez,100766522
Daam1,100765004
Akt1,100769460
LOC100756827,100756827
Armc9,100754576
LOC100757288,100757288
LOC100765762,100765762
Cnot6,100764369
Mtus1,100771939
Nt5dc1,100752021
Septin7,100773521
Cwf19l2,100761030
Znf777,100762671
LOC100767997,100767997
LOC113830776,113830776
Znf362,100774569
Vdac2,100761812
Wdr35,100751359
Rasa3,100752063
Slc49a4,100767130
Tap1,100751458
Timm21,100774814
LOC100758728,100758728
Cd59,100772910
Atxn3,100754332
LOC100752430,100752430
Ephb3,100774807
Zscan18,103163649
Slc35b3,100767088
Hacd2,100765668
Fkbp1b,100763278
Trmt6,100772979
Emp3,100751496
LOC100773095,100773095
Rnf168,100753166
St3gal6,100771326
Synpo,100767004
LOC100771209,100771209
LOC118240000,118240000
LOC100773655,100773655
Atg4d,100758833
Pycr3,100758600
LOC100756987,100756987
LOC100753648,100753648
Klhl24,100758788
Ttf1,100764309
CUNH21orf58,100764544
Kif15,100762343
Ptpn1,100761071
Pabpn1,100771019
Mob1a,100771226
Gins4,100752225
Vangl1,100750491
Fn3krp,100752057
Pyroxd1,100774005
Derl2,100755526
Brf1,100753600
Pdlim5,100770600
Znf469,100755135
Ubqln2,100765357
Slc49a3,100770818
Atp13a3,100769908
Lin28b,100770182
Adcy7,100756132
Mtap,100761485
App,100689222
Add1,100768168
Agk,100771779
Mcm10,100773567
LOC113839052,113839052
Slfn14,100752549
Cep20,100750977
LOC100760157,100760157
C7H17orf80,100752871
LOC100771382,100771382
Znf281,100767251
Kdm1b,100767337
Mospd2,100750487
C9orf72,100764363
Rbx1,100762556
Cdk19,100754073
Cltc,100756644
LOC103164543,103164543
Rnf139,100762505
Chchd4,100764116
Gpat3,100758424
LOC103158907,103158907
Srebf2,100689017
Ca10,100760776
Slc17a5,100757887
Cask,100764902
Nup98,100760516
LOC100762574,100762574
Abcd3,100765314
Rundc3a,100755469
Clhc1,100764559
Sec13,100759386
LOC113838541,113838541
Mta3,100765306
Srr,100765356
Pygb,100769186
Vps29,100751236
Foxi3,100765634
LOC100750367,100750367
Polr3d,100767520
Trim14,100770993
Fsbp,103162160
LOC118237965,118237965
LOC113836941,113836941
LOC100767397,100767397
Klhl38,100754001
LOC100772378,100772378
Clpb,100772391
Dip2b,100750591
Ifit3,100763410
LOC118238301,118238301
Pstpip1,100765031
Med18,100770895
LOC100772859,100772859
Trnau1ap,100769656
Cysltr2,100752628
LOC100752550,100752550
LOC118237618,118237618
Stim2,100760300
Fgfr2,100763455
Rbpj,100774626
LOC113836095,113836095
Slc5a3,100759273
Prkca,100766006
LOC100771142,100771142
LOC113838173,113838173
LOC100774133,100774133
Khnyn,100756338
Dkc1,100755395
Synrg,100773829
Rngtt,100770876
Bbs7,100758793
Eci2,100763456
Eri2,100751601
Hid1,100772114
LOC100773868,100773868
Asb3,100773709
Pdia2,100773412
Tmem38a,100755067
Hexim1,100760203
LOC100762856,100762856
LOC100755851,100755851
Tfec,100750851
Ergic2,100763592
Abcb1b,100682537
LOC100768807,100768807
Nbeal1,100768393
Piezo2,100766094
Ric8b,100762533
Grin2c,100758804
LOC100758718,100758718
Tcf7l2,100758400
Vps72,100769841
LOC100769295,100769295
Rpgrip1,100757527
Mrps18c,100769266
Kif16b,100758004
Adcy9,100751372
Efcab1,100768257
LOC100753357,100753357
LOC113833970,113833970
LOC113837977,113837977
Trim66,100752350
LOC100758628,100758628
Plxdc1,100766681
Sipa1l2,100763357
Zranb2,100752725
LOC100757658,100757658
Col16a1,100768792
Plcb4,100770957
LOC100769302,100769302
Larp4b,100753870
Wdr11,100759188
Csf3,100755744
Erich2,100773190
Susd6,100757573
Pdpk1,100772477
LOC103158723,103158723
Psmb1,100751285
Inpp5b,100751850
Plbd1,100754232
LOC100757639,100757639
Slc19a1,100689407
Zfr2,100772752
Fntb,100752221
Prrg1,100762987
Ywhah,100771398
Slc8a2,100765653
Dcn,100756152
Ttl,100755055
Josd2,100755892
LOC113838378,113838378
LOC100754186,100754186
Pex7,100736556
Col7a1,100689027
Gfra1,100760143
Mier1,100751573
Txnrd2,100770343
LOC100770373,100770373
LOC100773522,100773522
Nacc2,100769059
Ano2,100775014
Igdcc3,100753053
Mtmr1,100770104
Rcan1,100689474
LOC100755585,100755585
Nkain3,100752152
Ccdc69,100765513
Lpin3,100769990
Tcof1,100765831
Igsf6,103159815
Lag3,100756493
LOC100756448,100756448
Epas1,100771160
Il4r,100762840
LOC100771748,100771748
Loxl2,100771343
Alox5ap,100760744
Rps5,103163645
Larp1b,100772564
Ptpn12,100758766
Fbxw9,100758460
LOC113838796,113838796
LOC103158636,103158636
Svbp,100773604
Fam126b,100757717
LOC100773614,100773614
Plat,100750775
LOC113838205,113838205
Tmem62,100768893
Cenatac,100759181
LOC100768899,100768899
Fgf12,100770589
LOC100772772,100772772
Dnajc14,100771122
LOC118237737,118237737
Hip1r,100766930
Scap,100689048
Cenpm,100762853
Mri1,100765916
Plcd3,100759620
Nek4,100761888
Ccdc43,100763684
Acsf2,100768417
Tpm3,100763482
Lgals12,100768596
Pcdh19,100774560
LOC113838462,113838462
Ncoa3,100774568
Tmem135,100774720
Rps6kc1,100767301
LOC118238984,118238984
Sec31a,100762780
Tbcd,100753552
Zfand5,100760152
LOC113833204,113833204
Hacd1,100772448
Gtf3c5,100770779
Ltbr,100751411
LOC100762477,100762477
Spg11,100765400
Alpk1,100755133
Ap1m1,100759505
Trhde,100762211
Plcd1,100751509
LOC100766547,100766547
LOC113838607,113838607
Yipf5,100755594
Trappc9,100770948
Prkar1a,100773792
C3H11orf58,100756062
Fam122b,100767852
Ranbp9,100769939
Haus8,100754778
Slc4a1ap,100756795
Osbpl9,100751414
LOC113834739,113834739
Yipf6,100760351
LOC100751006,100751006
Micall1,100756473
Igfbp2,100757494
Spice1,100767243
Pde5a,100755315
Trip12,100753260
Kcnma1,100764731
Rnf41,100766232
Tprg1l,100769531
Itprid2,100763197
CUNH1orf216,100767757
Tm7sf3,103162299
Napb,100763425
Tsga13,103159910
Usp40,100771238
Pced1a,100770801
Gsk3a,100757049
LOC118237753,118237753
Scand1,113836369
Spata1,100766516
Fam160a2,100752778
LOC113830672,113830672
LOC100759100,100759100
Rrp7a,100773822
LOC113837174,113837174
LOC100755655,100755655
Isy1,103161503
Tuba1a,100682527
LOC113836823,113836823
Wdfy2,100758431
LOC100756393,100756393
Cog2,100767234
Sec11c,100769695
Arhgap35,100752481
LOC100765599,100765599
CUNH19orf25,100767566
Scn3a,100767559
Ankle1,100753605
Nck1,100769675
LOC118237588,118237588
Foxm1,100769341
Ccdc88b,100774835
Arhgap44,100772129
LOC113833695,113833695
LOC103158791,103158791
Nudt22,100756578
LOC100769133,100769133
Slc22a1,100763203
Smtn,100762366
Msmo1,100754784
Rnf2,100752124
Bub1,100772514
Kif14,100759691
LOC100756022,100756022
Cacna2d2,100769472
Selenop,100762965
Denr,100765761
Eogt,100757071
Gnb4,100757050
Ppp2r5d,100769874
Gcdh,100757019
Tpgs2,100761644
Tbc1d2b,100756102
Pdpn,100689383
Rpl18a,100772334
Igfbp4,100772587
Tysnd1,100769469
Ubd,100769593
Hyls1,100759998
Cgas,100758179
Homer1,100760219
Llgl1,100755918
Rmdn3,100752341
Vps36,100772258
Fer,100755838
Ptk2b,100758086
Rnf145,100762228
Dysf,100756449
Gnpda2,100761133
Poglut1,100760325
Aifm2,100763473
Dcstamp,100752337
LOC100770665,100770665
Med25,100767409
Api5,100758910
Tagln,100761018
Gadd45a,103159266
LOC100766767,100766767
C1H12orf29,100752737
Coro2b,100757780
Fam220a,100765308
Xpnpep3,100763709
LOC100757690,100757690
Tspan17,100774365
Gtf2h3,100768069
Agap1,100770318
Pcm1,100771354
Slc16a4,100764919
Klhl7,100763513
LOC100759364,100759364
Dna2,100761842
Rbm47,100755493
Diaph1,100752938
Btbd6,103161198
Fank1,100760059
Creb3l2,100771872
LOC118237634,118237634
Rai1,100768243
LOC100760843,100760843
Lrp2bp,100769221
Rhoq,100765469
Sptbn4,100769207
Il11,100773527
LOC100772141,100772141
LOC100751610,100751610
Nacc1,100765336
Rdh5,100772460
Tshz3,100759329
Rnd1,100767501
Rpl21,100758710
Vti1b,100760166
Col6a5,100770126
Tet3,100769509
LOC100766933,100766933
Coro2a,100768130
Scd5,100768175
Dusp3,100761077
LOC113833193,113833193
Pdlim2,100768674
Baz2a,100763314
Fh,100773218
Rnf181,100773902
LOC100774420,100774420
Tead4,100763265
Shroom1,103159804
Bnc1,100768562
Ankrd11,100764009
Utrn,100757299
LOC100759403,100759403
Vac14,100753800
Stambp,100768281
Hoxa6,100764757
Sos2,100769325
Gemin7,100753426
LOC100761382,100761382
Mipep,100762716
Dxo,100768556
Stxbp5l,100763299
Ints9,100752291
Trim23,100761294
Yipf4,100765339
Tmem120b,100767646
Tnks,100756523
Heg1,100764801
LOC100754455,100754455
LOC100757678,100757678
Abi3bp,100754709
Dhx30,100763879
LOC100759984,100759984
Tctex1d2,100753463
Wnt7b,100755799
LOC100753154,100753154
Slc24a3,100764911
Foxa1,100755899
Rnpepl1,100752006
Supt20h,100769517
Chmp4b,100759419
Pappa,100764393
Mrps34,100752305
LOC100755826,100755826
Gdf9,100756618
Dhcr7,100771700
Smad9,100766405
Minpp1,100766430
Cct2,100759253
Tpcn2,100755221
LOC100752166,100752166
Nudt12,100751938
Pacrg,100751258
Cpsf2,100753441
Me1,100767908
Tmem59,100764310
Znf566,103158574
Cct7,100770561
Ep300,100762260
Znf770,100767834
Plac8,100754739
Ppp2r5b,100758888
Nfe2l3,107979378
Lhfpl2,100755063
Ttc27,100762808
Ap1s1,100759417
Strada,100774473
Rps15,100766987
Tmem9,100758151
Tmem159,100770586
Snd1,100773866
Panx2,100758021
Ppp2ca,118237628
Snapc1,100751588
Trib1,100772722
Ust,100760763
Psmd13,100772429
Tmem156,100759688
Arf3,100766631
LOC100772299,100772299
Nelfb,100773760
Eci1,100774222
Hadha,100757947
Cdpf1,100759562
Cct4,100767849
LOC103160584,103160584
Vamp1,100752483
Hnrnpr,100767855
Art3,100771336
Stk4,100757702
Cfap44,100766957
Lrrc19,100765431
Cmtm6,100768322
LOC100760787,100760787
Musk,100756456
Mapk8ip1,100774647
Prkd1,100762119
Vdac1,100765792
Ndufb10,100754681
Tfb1m,100750446
LOC100764171,100764171
Mul1,100757014
Babam1,100755943
Pllp,100760003
Blzf1,100761007
Hsp90b1,100773331
Hipk3,100772418
Rnf14,100751183
Pja2,100756521
Rnaseh2c,100761313
Syngr1,100774700
Ube2v2,100764742
Nagpa,100774024
Dcaf5,100765902
Cpne3,100757065
Ube2s,100774405
Rnf138,100774783
Aspm,100764564
Cst6,100764786
Nox1,100770704
Ccdc63,100774262
Rab1a,100752891
Galnt13,100768831
Cer1,100764648
Itpk1,100768438
Nr4a3,100752330
Rps21,100755560
LOC118239943,118239943
Eya2,100768991
Serf1a,100758944
Inpp5f,100753756
Zscan2,100771166
Smad7,100766709
LOC113837639,113837639
Ppif,100752432
LOC100773198,100773198
LOC113838281,113838281
Mapk9,100764964
Mllt3,100768593
Faxdc2,100767373
Esx1,103159745
Tcf20,100774117
Kat14,100767721
LOC113838745,113838745
Map4k1,100766308
Fam126a,100761584
LOC103159223,103159223
Ripk2,100751944
Slco4a1,100756146
Poglut3,100753631
LOC100763079,100763079
Nrg4,100757283
Eif3e,100771190
Dennd4c,100754289
Tprn,100750447
Brca2,100689197
LOC113831840,113831840
Znf593,100769424
Ints11,100769426
Fbxo3,100755440
LOC100773941,100773941
Sec22a,100758697
LOC100762681,100762681
Ube2v1,103159460
LOC100754366,100754366
Foxk2,100752578
Pgghg,100757546
Rrbp1,100768883
Gorab,100751867
Hnrnpab,100767538
Sel1l2,100771031
Rflnb,100763414
Gpr3,100759546
Vax1,113834805
Fdxacb1,100771758
Patz1,100763609
Ascc2,100775056
Eif1,100773613
Cep63,100771874
Nsun5,100761733
LOC100753750,100753750
LOC100764167,100764167
Hhip,100771283
Mapkapk5,100763285
Mtg2,100754227
LOC100753015,100753015
Orc6,100766154
LOC118240010,118240010
Zfyve9,100754284
LOC100769497,100769497
Naxd,100767494
Eef2k,100765385
Pomgnt2,100770708
Swsap1,100754673
Slco1c1,100772065
Klhl15,100768724
Trim2,100772337
LOC100755143,100755143
Pdilt,100765109
Fam193a,100769601
Erbin,100774374
Dpys,100752636
Eola1,100762472
Klhl29,100761820
LOC100768312,100768312
Acad10,100763570
LOC100762669,100762669
Rnf38,100758696
Rmnd5b,100759117
Sbf1,100755492
Vamp3,100763068
Atxn7l1,100758796
LOC100754560,100754560
Lrch4,100751679
Rps20,100755991
Slc41a1,100756335
Med28,100768639
Gnal,100760304
Grin2a,100764315
C2cd2l,100757251
Tia1,100775074
Suz12,100771055
Mbtd1,100765134
Tinf2,100770148
Foxp2,100762481
Mospd3,100752464
Dnaaf2,100753981
Bbof1,100754703
Rgs22,100763225
Atat1,100764669
Rps12,100753860
Slc9b2,100765773
Phf7,100764799
Gcsh,100765652
Rhcg,100761310
Kdsr,100774578
Slc35b1,100756934
Slc38a10,100763275
She,100750678
LOC100771221,100771221
Myc,100773301
Tor1aip1,100751143
LOC100756676,100756676
Tsc22d2,100771973
LOC100765573,100765573
LOC113838579,113838579
Tbl1xr1,100751772
R3hdm1,100765787
LOC113839030,113839030
Acta2,100758575
LOC100750516,100750516
LOC107977733,107977733
Shld2,100773947
Sart1,100769602
LOC113832552,113832552
Cab39l,100764345
Shcbp1,100772186
LOC100753355,100753355
LOC100766772,100766772
LOC100755160,100755160
Msl1,100773452
Slc25a47,100771881
Gins3,100760912
Poc5,100772693
Cdk15,100763928
Ppib,100774375
Arid4b,100752333
Elf4,100771659
Hbp1,100766157
Ano10,100770142
Ptgis,100757024
Igsf8,100763950
LOC100750515,100750515
Slc15a3,100775005
Cenpx,100769252
Slc4a10,100766143
Cers2,100765986
Klhdc8b,100764543
LOC113835857,113835857
Timm9,100760675
CUNH11orf68,100766243
Steap2,100768345
Phf5a,100758913
Kmt2a,100760424
Tmem41a,100755275
Pigx,100761026
LOC100752594,100752594
Znf324,103163644
Gmps,100756126
Pax2,100755215
Syt8,100770470
LOC100759437,100759437
Slc6a7,100764967
Zbtb10,100752837
LOC100769014,100769014
Abhd6,100769391
Thoc2,100772483
Tpbg,100768196
Luzp2,100759049
Mdh1,100764352
Nptxr,100750799
Spag6,100754966
LOC113830689,113830689
Acad8,100751213
Ehd4,100771177
Phex,100753496
LOC113839476,113839476
LOC100762035,100762035
LOC100775043,100775043
Arglu1,100756104
LOC100763253,100763253
Gzf1,100763705
Brix1,100757120
Incenp,100770889
Herc2,100758957
Wrap53,100757087
Zswim1,100773405
Mrps31,100773319
Leng1,100754365
Aimp2,100682533
Cabp4,100759357
Fanca,100761220
LOC100774966,100774966
Ncam1,100770418
Faap24,100757600
LOC100750743,100750743
LOC113838517,113838517
LOC100759473,100759473
LOC100762763,100762763
LOC113838501,113838501
Xylt1,100756878
LOC100764080,100764080
LOC100758136,100758136
Tceanc,103163755
Bcar1,100768861
Dhfr,100689028
Dnmt1,100762713
Sirt5,100767069
LOC113838868,113838868
LOC103163260,103163260
Iscu,100773802
Tex14,100754599
Taf9b,100767965
Tusc3,100775078
Mapkapk2,100762218
Dab2,100774674
Parp1,100689463
Trip4,100755328
Chchd7,100755404
LOC100763539,100763539
Slc31a2,100754404
Sema3b,100754215
LOC107976987,107976987
LOC100751148,100751148
Sdr42e2,100758827
Szrd1,100774832
Znf648,100753314
Cdc73,100767294
Cdc20,100767761
Mitd1,100763616
Cdkn3,100752216
Pde4b,100774886
Mccc1,100771229
Sqle,100764834
Gtf2e2,100754209
Sptan1,100763248
Tert,100774541
Bpifa2,100759193
Itpkb,100774983
Coq2,100755903
Cog5,100754837
Dnah17,100768695
Lpcat2,100772716
Pitrm1,100751021
Plpp1,100771106
LOC113831488,113831488
LOC100771998,100771998
Cbx6,103161880
LOC100753996,100753996
Ivd,100759847
Rbpms2,100752492
Ccn1,100766753
Caskin1,100769762
Gnl2,100753926
LOC113838454,113838454
LOC100772949,100772949
Nphs1,100773617
LOC100766554,100766554
Purb,103160160
LOC107980395,107980395
Ncbp3,100768275
Gpr137,100757640
LOC113831676,113831676
LOC113837380,113837380
Dnajc22,100769451
LOC113831820,113831820
Uhrf1bp1,100758863
Mrpl4,100762122
Cpt1b,100770034
LOC113834034,113834034
Slc35g2,100769965
Pifo,100773667
Pepd,100770474
LOC100753593,100753593
Ppp1r2,100760735
Zbtb45,103163654
Gpr158,100757301
Spx,100773420
Nrbp1,100768309
Ccdc57,100771842
Nptn,100758174
Ss18,100768518
Tpst1,100757649
Arhgdig,100757877
Usp9x,100763346
Spats1,100757112
Dmpk,103164072
Tfip11,100774688
LOC103160599,103160599
Jhy,100774731
Cldn16,100751792
Cat,100773774
Chka,100767436
Cwc22,100768134
LOC113830756,113830756
Rasl10b,100775094
Iqcd,100771431
Tmem192,100754499
LOC100762964,100762964
Gtpbp6,100761234
Itgb1bp1,100759099
LOC100760741,100760741
LOC100765610,100765610
CUNH1orf52,103158713
Ufd1,100773227
Tbc1d21,100753805
Sdhaf3,100767267
Zbtb18,100751760
Lonp1,100771385
LOC118238404,118238404
Cnot8,100770253
LOC100773622,100773622
Ampd2,100774910
Prrx1,100753942
Tm9sf1,100759608
Atp5pd,100771541
Hapln4,100764042
C5H1orf21,100751554
Elovl1,100767465
Slc35b4,100689030
Sms,100753198
Prkab1,100755226
CUNH3orf70,100757514
Maff,100766059
St3gal2,100767717
LOC100772193,100772193
Snrnp25,100759758
CUNH16orf46,100765361
Get3,100761936
Ptprd,100760691
Pla2g4c,100754559
LOC113832467,113832467
Ahctf1,100768805
LOC100758264,100758264
LOC100761975,100761975
LOC100772755,100772755
Ash2l,100771359
Blcap,100757663
LOC100751297,100751297
Synj1,100757174
Dedd,100766615
Strip1,100768584
Ap3m2,100751069
Pald1,100762022
Prr3,100757039
Hsd17b3,100767644
LOC100759246,100759246
LOC100760022,100760022
Rad21,100750544
Serinc1,100753040
Mtfmt,100751376
Elovl5,100753555
Hectd2,100769372
Eed,100764182
LOC100762789,100762789
LOC100752211,100752211
LOC100766162,100766162
Emc10,100758503
Mrps35,103162619
Syngr3,100767759
Elp6,100764169
Ankrd30a,100769687
Tlr4,100689329
Psma5,100774039
Prpf19,100751402
Lgi4,100758895
LOC100751025,100751025
Dnah12,100750737
Cep350,100754786
Cmtm3,100765909
Dennd1b,100765438
LOC113838251,113838251
LOC113833998,113833998
Tmem243,100760624
LOC103163142,103163142
LOC100754066,100754066
Maco1,100762662
Nrdc,100752575
Ubxn8,100757686
LOC100769666,100769666
Sox6,100755098
Tmem87a,100759875
LOC100768392,100768392
Ccs,100757246
Pkd2l2,100753206
Ppp2r1a,100773447
Vps37d,100755847
Ttf2,100769758
LOC100774907,100774907
Gys2,100770628
LOC100768826,100768826
LOC103163672,103163672
LOC103158553,103158553
LOC100756597,100756597
LOC113836064,113836064
Ccdc17,100761042
Mrpl52,100764474
Naa50,100773295
Dnajc9,100762162
CUNH1orf131,100765311
LOC100768019,100768019
Slc52a2,100755690
Golt1b,100773711
Mief1,100769729
Sypl2,100750429
LOC100760207,100760207
Rhbdl3,100772788
Slc26a1,103159861
Znrd2,100771453
Dlst,100758466
Cxcl3,100689100
Ttc7a,100764699
Dennd6b,100754914
Cdk2ap2,100758502
Megf8,100755592
Arl6ip5,100756195
Lpgat1,100751009
Rnf6,100759570
LOC118238488,118238488
LOC113835283,113835283
Pign,100751357
Trim41,100767959
LOC100774974,100774974
Tecpr1,100769434
Plekhn1,100772995
LOC100759759,100759759
Gpnmb,100761867
Msr1,100774161
Sri,100751462
Arcn1,100758971
LOC118239328,118239328
Bcas2,100758667
LOC100765693,100765693
Arhgap45,100764760
Mterf1,100766534
Kcnk4,100760723
Stx12,100773207
Ccdc148,100757988
Pex5l,100767317
LOC118237647,118237647
Prrc1,100753590
Smad2,100771578
Rbpms,100758259
Rtraf,100769327
Ccdc88a,100765924
Hspbap1,100767418
Tdrkh,100768467
Rpsa,100689045
C2cd5,100766087
Mef2a,100766678
LOC113833703,113833703
Pm20d2,100771446
Tspan2,100752316
Ubl3,100755332
Imp3,100760961
Slc37a1,100765147
Cpsf4l,100762278
Sgip1,100752742
Pkn3,100769931
Rbm44,100760953
Fam98c,100765434
Fam72a,100757979
LOC100756688,100756688
Endog,100770499
Adsl,100689060
Atp6v0a2,100766909
Foxo4,100756577
Tmem236,100771879
Tmem176b,100764547
LOC100762989,100762989
LOC113838693,113838693
Mrps14,100752801
Btbd3,100768764
Ccdc97,100773067
Dsel,100756462
Pole4,100767926
Polr1b,100769834
LOC100764417,100764417
Rab3gap2,100757933
Gabbr2,100771574
Mpp5,100762203
LOC113834889,113834889
Lztr1,100752820
LOC100754750,100754750
Aph1b,100772143
Meis2,100764044
Med7,100767208
Ninj1,100759150
Rbbp8,100765239
LOC113830657,113830657
Senp6,100765457
Phf21b,100760051
Gpr156,100761559
LOC113838737,113838737
Dhdds,100767025
Phldb2,100763743
Nit2,100756446
Vps52,100753256
Znf32,100771982
LOC100773370,100773370
Mras,100767950
Bco2,100774947
Pkd1l2,113832959
Drg2,100771930
Odf3l1,100760080
Pirt,100767819
Glrx2,100766426
Tedc1,100756967
LOC100766524,100766524
LOC113831712,113831712
Rasgrp4,100765723
LOC113835190,113835190
LOC100754679,100754679
Nudcd2,100772243
Zhx2,100769747
Lrr1,100752788
Lurap1l,100752940
Tcp1,100689476
Triobp,100755893
Epb41l1,100751805
LOC100766805,100766805
Polh,100758244
LOC103164511,103164511
Creb3l1,100762192
Kiaa1217,100767111
Lrrc7,100774869
C2H5orf63,100753290
Ssrp1,100758773
LOC100760661,100760661
Mcu,100762628
Pdcd2,100752443
Il7,100756443
C2H22orf23,100753660
LOC100759179,100759179
Arl2bp,100763207
Pwwp3b,100771029
Lage3,100761505
Il13,100762597
Pam,100770162
LOC100770467,100770467
Stx1b,100754547
D2hgdh,100773592
Rprd2,100762415
Fbxw11,100772242
Bcl10,100750466
Irak1bp1,100758003
Pdlim7,100770789
Snrnp35,100772584
LOC100766840,100766840
Rgs12,100765309
Mrps5,100773581
Alkbh8,100760738
Prrc2a,100771999
Gpr15,103159450
Ccpg1,100768292
Eif4g3,100765660
Ints12,100755340
Acap3,100768652
Jpt2,100765136
LOC100761791,100761791
LOC118237985,118237985
LOC100771017,100771017
Msantd3,103158546
Coq10b,100773426
Fcf1,100771331
Ythdf2,100763174
LOC113837903,113837903
Atg13,100753698
Tbce,100767699
Armcx3,100765475
LOC103159629,103159629
LOC113837864,113837864
Swi5,100754454
Lcmt1,100762400
LOC107977693,107977693
Mlkl,100772478
Aida,100755322
Mdn1,100773184
Celf2,100769634
Tmc4,100766148
Neurl1b,100774284
Cd82,100772417
LOC103158908,103158908
LOC118238733,118238733
Exosc5,100773940
Myl3,100766026
Hnrnpul2,100756306
Ndufa5,100760870
Cxcl1,100689059
Soat1,100689317
Cdkl3,100757962
Haus6,100761416
LOC100768529,100768529
Harbi1,100753396
Tex26,100760446
Guk1,100770439
Nhsl1,100774825
P3h3,100767056
Abi2,100768975
Smg7,100760981
LOC100768301,100768301
LOC100750842,100750842
Ccne1,100753358
Nipal2,100755274
LOC113838165,113838165
Tgm4,100762929
Scnn1a,100765305
Use1,100756228
Aldh5a1,100764462
Zcchc2,100752516
Wdr37,100752074
Zfyve27,100759967
LOC113834885,113834885
Mbnl1,100771199
Arhgap5,100765474
Pde10a,100751551
Hoxd9,100758825
Slc39a9,100758147
Ints4,100767027
Ero1b,100764579
LOC113834953,113834953
Ndc1,100766175
Ablim1,100767228
LOC100770623,100770623
Znf569,100772619
LOC100760616,100760616
Lman1,100754529
Ppp2r5a,100764403
Efcab6,100770176
Fbxo10,100751576
Stard9,100769740
Nrn1l,100752618
Ak3,100760312
Unc80,100759311
Psmg1,100774697
Bag2,100750795
Pitpnc1,100772544
Kcnt2,100768557
C2cd2,100762912
Isca2,100771623
Ergic3,100755369
Klln,103162910
LOC100761846,100761846
Mier2,100774581
Armc8,100768239
Cuta,100774038
Slc25a14,100770799
Emc6,103160389
Gclm,100750530
Prom2,100773870
Neurl1,100754551
LOC100751634,100751634
Rarb,100768698
Rtn4,100764263
Gata3,100760238
Rce1,100758680
Adnp2,100760580
Sec23b,100765486
Tspan11,100770678
Rnf128,100761486
Chd3,100755630
Cers6,100761613
LOC100773652,100773652
Aebp2,100765454
Mllt6,100764936
Pdgfrl,100774739
LOC100765406,100765406
Slc5a6,100765026
Golim4,100758666
Fam160b1,100768890
Nsl1,100765846
Rhbdf1,100759182
Ift122,100771127
Rps6,100753707
Vax2,100757544
LOC100765163,100765163
Slc25a22,100752846
Kdm4b,100770247
LOC100756440,100756440
Spry1,100754609
Ptpre,100756593
Mast4,100752705
LOC113837703,113837703
Glipr2,100758797
Dgkb,100753343
Hace1,100769328
Mcf2l,100759333
Efnb2,100753573
Cdc34,100750683
Kpna5,100771427
Mfrp,100759385
LOC113835832,113835832
Pin4,100758589
Thumpd3,100753178
Resf1,100762086
Cyld,100758070
Tmem41b,100768380
Vegfd,100773421
Bmp1,100751120
Ascc3,100762460
Nicn1,103163073
S100z,100757577
Map1a,100755159
Pphln1,100770109
LOC100753203,100753203
LOC100750644,100750644
Tex9,100755801
Ubqln1,100764107
Syt16,100768328
Pax7,100770175
Znf334,100769274
Ryk,100771288
LOC100769871,100769871
Slc9a9,100761317
Dpp3,100760621
LOC113837940,113837940
LOC100757825,100757825
Slc25a30,100767752
LOC100758950,100758950
Ldb1,100773526
Wdr83,100753627
Nr0b1,100754328
Ptbp3,100771699
Fam122a,100762589
Pprc1,100751874
Plekhb2,100770793
Thbd,100765076
LOC113831269,113831269
Znf672,100754644
L2hgdh,100768751
Plag1,100755118
Mrgprg,100750410
Tox4,100774603
LOC113838394,113838394
Mrpl18,100760587
Sucla2,100761589
Arhgef6,100762795
Tm9sf3,100764030
Gng12,100757536
Kdm5c,100758549
Cnksr1,100769136
Homer2,100771332
Setd4,100753169
Cdk14,100769772
Cds1,100761973
LOC100761507,100761507
Adarb1,100755658
Gid4,100755044
Prnp,100762792
Plxna4,100753940
LOC100752312,100752312
Atp6v1a,100768315
Gramd1c,100773582
Proser3,100774481
Atp2a1,100763714
Znf879,118239132
Ston2,100751060
Lrrc56,100774031
Xpa,100689196
LOC100770077,100770077
Pold1,100773935
Cntn3,107976978
Snx11,100751542
Ahi1,100773665
Klhl26,100756815
Trappc6a,100754024
LOC100757733,100757733
C4a,100767983
Gfi1,100769674
Iqce,100761808
Senp7,100758092
Wdr33,100754160
LOC100764018,100764018
Ccdc115,100773635
Cdk6,100764515
LOC100761464,100761464
Rhot1,100761802
Kiaa0513,100771533
Selplg,100773229
Tsr1,100767392
LOC113837876,113837876
Ambra1,100753101
LOC100756430,100756430
LOC107980311,107980311
Spon2,100766996
Mmgt1,100764155
Mettl22,100765965
Vps35,100767603
Ppp4r2,100758228
Actr6,100762739
Loxhd1,100751061
Dnaja2,100766736
Ift43,100757117
Upk1b,100759168
Cenpa,100689459
Igfbp7,100757355
LOC100757967,100757967
LOC100765781,100765781
Grk2,100762552
LOC100755927,100755927
Mpv17l2,100770899
Col27a1,100750399
Mettl15,100770656
LOC107977682,107977682
Cbx1,100689359
Scnm1,100769370
Appbp2,100764050
Snai2,100767968
Panx1,100751752
Fas,100762537
Prrx2,100771545
Bicra,100764487
Psca,100767033
Zcchc8,100770227
Phkb,100754618
Dmkn,100752030
Tuba8,100753526
Ahdc1,100758977
Zfand2b,100774315
Rhpn1,100757247
Cul3,100760346
Tpgs1,100762133
Gpr132,100753002
Smim4,100763344
Pon2,100762539
LOC103164502,103164502
Znf804b,100765814
Mal2,100755368
LOC100774629,100774629
Ak6,100768838
Fam71f1,100760841
Lpp,100753874
Galnt2,100767525
Zbtb24,100771843
Dnttip2,100774727
LOC103160491,103160491
Znf142,100771900
Smpd4,100753418
Dpp7,100756223
Immp1l,100766368
LOC100755734,100755734
Trim35,100760599
LOC100768570,100768570
Dnajc30,103162154
LOC100750533,100750533
Rap1b,100769542
Ppil1,100753635
Thap12,100750790
Irak2,100758629
Rac3,100757479
Htr7,103163243
Pias3,100753297
Rptor,100761529
Cfd,100763302
LOC100750381,100750381
Cyhr1,100755112
Hint2,100754892
Mat2b,100772831
Ilkap,100773641
Tnfsf15,100754423
LOC100763306,100763306
LOC100762270,100762270
Neurl3,100770512
Cpsf1,100761673
Coil,100760263
Rpusd1,100773796
Shank2,100771990
Fkbp3,100757543
Eloa,100754808
Mrgbp,100757027
Slc25a42,100750759
Thbs2,100752022
B4galt4,100689435
LOC113834772,113834772
LOC113838591,113838591
Rnf167,100770887
Lsp1,100767209
LOC118239501,118239501
LOC113838584,113838584
Mbd3,100757698
Otc,100761890
Lctl,100758648
Asb7,100767938
Dcxr,100769825
LOC100766583,100766583
LOC103161202,103161202
Matn4,100758854
Calcoco2,100752435
LOC100763830,100763830
Pex12,100751101
Cdon,100759140
Galc,100751905
LOC118239081,118239081
Stat3,100755865
Ngdn,100764946
Spsb4,100764505
Mapk14,100689104
Inpp4a,100767245
Hao2,100773170
Foxp1,100753762
Ppp1r7,100753495
Oit3,100758658
Ppic,100774301
LOC100772035,100772035
C8H12orf4,100772405
Notch3,100753340
Mon1b,100761265
Spatc1l,100753798
Cryab,100772623
Psmd12,100767177
Atad1,100764591
LOC113837341,113837341
LOC100762377,100762377
Hnrnph2,100773216
Baiap3,100751355
Ubtf,100689026
Usp10,100758613
Chek1,100751099
Nlrx1,100756089
Thada,100759859
Eepd1,100772363
Ankrd9,100773105
Pacrgl,100755632
Fam118b,100761453
CUNH12orf56,100757013
LOC100757684,100757684
Icam1,100689428
Lmx1a,100760113
Plod2,100762939
Nr3c1,100763961
Ctdsp1,100751900
Aldh6a1,100754996
Gmnn,100689393
Atg2b,100760198
Phc1,100759454
Il17re,100751042
Dbnl,100761466
Ppfia4,100760564
Hykk,100756410
Morf4l1,100765879
Slc19a2,100763232
Meiob,100753501
Ppm1n,103159298
Krtcap2,100757504
Prr22,100772837
Znf330,100689256
Lrch3,100764207
Lrch2,100755198
Lgals8,100764282
Ms4a3,100765384
Nit1,100766905
Dhx16,100756749
Coq6,100751162
Flot1,100763504
LOC100768693,100768693
Nme3,100752009
LOC100758961,100758961
Cep152,100760797
Slc4a1,100755180
Ddx24,100764379
LOC100766062,100766062
Sclt1,100773720
Sorbs2,100770751
Zcwpw2,100753274
Camk2g,100763272
Pgbd5,100774154
Mknk2,100769766
Tmem231,100767701
Mrpl13,100763748
LOC113833952,113833952
Fbxo33,103160846
LOC100767734,100767734
Lysmd2,100752262
Wdr75,100759292
LOC100755363,100755363
Men1,100757636
Rps3a,100762337
Crebl2,100772731
LOC100762888,100762888
LOC100768165,100768165
Ric1,100760041
Rnf113a,100763475
Strip2,100762591
Tlk1,100766179
Rp2,100774633
Dnph1,100756461
Appl1,100751324
Malrd1,100751646
Jmjd1c,100773596
Guca1a,100766612
Noc3l,100689254
Prim2,100772954
Slc37a4,100758396
LOC100763846,100763846
Hilpda,100750353
Best1,100758040
Asxl2,100756895
N6amt1,100768580
Rab5b,100768837
LOC100767748,100767748
Vamp8,100774199
Xkr7,100773887
Rars1,100767723
Nnat,100757948
Tmem43,100764416
Ppcs,100768962
LOC100770256,100770256
Exosc1,100757484
Kdm1a,100770721
Flt3lg,100773162
Ackr4,100762778
Fzd5,100762351
Fam83b,100761983
Gdpd3,100753447
Lsm6,100769852
Paqr3,100770372
Txndc17,100755189
Rela,100763542
Oxr1,100766884
Pde7b,100753277
Abl2,100772469
Bmp5,100763439
Ckap5,100755237
Hnrnpul1,100772778
Lgmn,100752348
Cdc42bpa,100750503
Rbbp5,100754011
Abca5,100772052
Copb1,100774203
Six4,100771053
LOC118237623,118237623
LOC113830688,113830688
Aup1,100760920
Ralgapa1,100753551
Maz,100754622
Plvap,100751056
LOC113835365,113835365
Emg1,100759485
LOC100773381,100773381
Map4k5,100764523
Iqch,100759510
Cux2,100773679
Cnn3,100773931
Ankmy1,100751434
Cadm1,100766050
LOC103158649,103158649
LOC113838010,113838010
LOC100773172,100773172
Iah1,100758521
Dynlt1,100761379
LOC113834908,113834908
Rnasel,100763013
Mbnl3,100763023
Tp53,100682525
Mcur1,100769649
Mrps7,100756199
Vcl,100759958
LOC100758481,100758481
LOC118239309,118239309
Oaz1,103160341
Dnajb14,100752201
Ski,100755403
Med4,100761008
Tut4,100755521
Tasor,100752192
Mtmr7,100751422
Gnas,100689067
Tfcp2,100756794
Zbtb42,100752108
Nudt16l1,100772569
LOC100757562,100757562
Smad4,100770737
Ostc,100753091
Jph2,100771806
Gtf3c4,100773467
Ippk,100755765
LOC100758408,100758408
LOC100751996,100751996
Arpc1b,100774796
LOC100760690,100760690
Kctd20,100752436
Mtcp1,100753735
Eif4ebp2,100768613
LOC100773455,100773455
LOC107980260,107980260
Rtn4ip1,100767145
Ttc33,100767854
Elp3,100771722
Dynlrb1,100760283
Muc1,100772836
Bfar,100772795
Mtx2,100757389
Avl9,100768061
Manba,103158768
Dhx35,100761819
Thrap3,100758746
LOC113834773,113834773
Cwc27,100760125
LOC100770696,100770696
Fam120c,100756331
LOC100773272,100773272
CUNH6orf163,100768147
Ccdc186,100752682
LOC100756291,100756291
LOC100760218,100760218
LOC103160487,103160487
Il2ra,100764797
Kif5b,100774173
Rnf115,100773103
LOC100755041,100755041
Gatd3a,100762424
Tmed2,100689307
Klhdc3,100770840
Rreb1,100765337
Rnf126,103160352
Kcnk15,100756837
Traf2,100762099
Ide,100763752
Ero1a,100763138
B3gnt7,100760456
Arid2,100754162
LOC100750785,100750785
Mrpl23,100769317
Xrcc1,100689414
Med22,100771147
LOC100772354,100772354
Smc5,100758700
Il1rap,100771447
Lbr,100770668
Taf15,100752254
F3,100765608
LOC100757762,100757762
Miip,100763559
Nans,100767837
Nags,100752620
Znf445,100765226
Prmt2,100752416
Epb41,100767741
Ano3,100760607
Atxn7,100753336
Map3k6,100760135
Cops9,100769752
Sin3a,100761538
LOC100753449,100753449
Znf414,100753661
Pabpc1,100757538
LOC100764468,100764468
LOC100765617,100765617
Pcbp2,100766030
Smtnl1,100757041
LOC100759343,100759343
Ttk,100774563
LOC100759340,100759340
Katnbl1,100772848
Pdik1l,100769707
Sccpdh,100768510
Smim3,100763506
Cyth3,100756495
Tmem35b,100760774
Batf,100755965
Spns1,100766250
Klf9,100771438
Dcdc2,107980131
Efcab12,100772176
LOC100760951,100760951
Brpf1,100754861
Lrp10,100768541
Znf366,100758082
Zfpm1,100754845
Ipo13,100754981
LOC113833384,113833384
Xpr1,100689082
Rhbdd2,100762616
LOC100759021,100759021
Slc7a14,100764763
Ltbp2,100772191
Trnad-guc,113836134
Usp1,100754655
LOC100764333,100764333
Slc30a6,100763102
Metrnl,100753251
LOC100772389,100772389
Brf2,100769943
Hdac5,100689350
Lmf1,100761934
Plcg1,100769697
Eml1,100770154
LOC100767260,100767260
Sema5b,100766544
LOC113834440,113834440
Rpia,100765051
Hcrtr1,100773491
Ube2m,100767306
Ptpn21,113830649
Zdhhc6,100772972
LOC100754667,100754667
Limch1,100761017
Nup62,100769030
Dhx33,100755235
Exph5,100753332
Tmed5,100764949
Gtf2b,100754725
Rpl6,100761632
LOC100773005,100773005
Ogt,100768670
Cyp2a17,100689034
Mfsd12,100771307
Rnf216,100758416
Mmut,100765277
Sirt3,100762304
Kank1,100759671
Knop1,100751019
Afmid,100773211
Prelid3a,100763973
Gpx8,100775000
Klhl22,100752906
Nsun4,100760453
Cmtm4,100768129
Dcaf10,100754235
Ercc3,100689367
Angptl6,100772824
Znf516,100764397
LOC100761465,100761465
Luc7l3,100767266
LOC100774561,100774561
LOC100757900,100757900
Rpl9,100758533
Sox10,100754443
LOC100761274,100761274
LOC113831745,113831745
LOC100766327,100766327
Phlda3,100764336
Ikzf2,100760184
Dnajb2,100773438
Ppp1r36,100765040
Naprt,100756372
Poln,100769107
LOC100760352,100760352
Gcc1,100773292
LOC113837845,113837845
Mrps2,100757282
Gpkow,100759434
Ciart,100761544
LOC118237611,118237611
LOC103158820,103158820
LOC100760949,100760949
Znf623,103158562
Mybbp1a,100758378
C6,100766699
Cenpn,100765070
LOC113837180,113837180
Rlim,100760995
Lamc1,100761564
Cdc27,100770539
Cdsn,100761666
Desi2,100763663
LOC100757199,100757199
Ccdc120,100760495
Calhm5,100774191
LOC113837612,113837612
LOC113838431,113838431
Prss36,100758312
Gli2,100757572
Spata6l,100761183
Ppp3r1,100773706
Cspg4,100760376
Usb1,100762459
Adamtsl5,100767851
Tmub1,100761844
Grm4,100757229
Fbh1,100765086
Eif1b,100774503
Ube2a,100768509
LOC100765633,100765633
LOC100768853,100768853
LOC100774512,100774512
Pate2,103162828
Plekhb1,100759842
Samsn1,100766287
Rhou,100775019
Gdf10,100758802
Kif21b,100766089
LOC100773670,100773670
Cd99l2,100770391
Hdlbp,100772142
Creb3l3,100774488
LOC113837822,113837822
Osm,100758591
Psmd6,100751274
Dlx4,100757892
Ppp1r12a,100754718
Myh14,100770655
LOC113838708,113838708
Ifi44l,100760542
Pcnx3,100762385
Itga6,100769534
Selp,100763517
Enox2,100751206
Ppih,100768669
Rpap2,100763199
Oscp1,100759602
Arl8a,100762890
LOC118237719,118237719
Mus81,100770181
LOC113832475,113832475
Bloc1s1,100772750
Fam131b,100751738
Noc2l,100772415
Npdc1,100771936
Pou5f1,100754998
LOC100772591,100772591
Dmxl1,100773136
Dbp,100775076
Atg9a,100774022
LOC100767391,100767391
Micu2,100763005
Gdpd1,100758659
Trub2,100766452
LOC100759534,100759534
Myg1,100768264
Rab3ip,100759835
Rapgef6,100763755
LOC100758214,100758214
LOC100772735,100772735
Bzw1,100758868
Slc25a44,100756736
Dcun1d5,100759094
Frmd5,100752890
LOC100772364,100772364
Ccdc86,100774139
LOC103161512,103161512
LOC100754174,100754174
Sepsecs,100768289
Dennd6a,100769342
Pa2g4,100767388
Dclre1c,100752196
Palm2akap2,100767422
Clasp2,100769743
LOC100761202,100761202
Pih1d2,100773784
Mapkap1,100755792
Eif4b,100758911
Prkcg,100762950
Dpm1,100689420
Ndufs4,100773999
Zdhhc19,100762178
St14,100755225
Acad9,100770943
LOC100757861,100757861
Smarcb1,100769126
Hs6st1,100689173
Nckap1,100758647
Cd63,100772167
LOC100773795,100773795
LOC100763252,100763252
Rhot2,100760480
LOC100755228,100755228
Rfwd3,100772185
Cda,100754972
Mbtps2,100689085
Bik,100768268
Plekhm2,100770785
Sema4c,100768897
Idnk,100763818
LOC100762182,100762182
Kcnk12,100770804
Dnm2,100771373
Tmem121,100754344
Paqr4,100771540
Znf703,100751429
Phka1,100764708
LOC100762293,100762293
Axin1,100758169
Kctd1,100770054
LOC100757615,100757615
Zbtb1,100764453
LOC113835355,113835355
LOC100762252,100762252
LOC100775082,100775082
Shc1,100758936
Sars1,100689195
LOC100750822,100750822
Smc6,100757987
Tnks2,100769660
Sephs1,100775017
Mphosph9,100771041
Ctnnbip1,100760454
Catsper2,100766859
LOC100753770,100753770
LOC100771214,100771214
Slc6a4,100754706
Pus1,100769856
Cd7,100751416
Psmc3,100689203
Enpp7,100755684
Dock4,100772385
Pop7,100753663
Tomm40l,100769989
LOC107977129,107977129
Rgl1,100762723
Cops2,100760211
Fancb,100750774
Pigh,100760756
LOC100763047,100763047
LOC100768722,100768722
Ezr,100762541
Csrp2,100764077
Mrpl12,100755729
Anapc2,100774636
Bnip3l,100759633
Zgrf1,100755417
LOC100750882,100750882
Dtwd1,100761309
LOC100767827,100767827
Dus3l,100760481
Gmds,100689436
LOC100751128,100751128
LOC100752741,100752741
LOC100764100,100764100
LOC100689009,100689009
LOC100759744,100759744
LOC100762173,100762173
Coro1c,100754313
Fbxo21,100752874
LOC113832489,113832489
Tnpo1,100760105
Pafah1b3,100756174
LOC103158823,103158823
Rnf103,100770542
Btbd1,100770759
LOC100767866,100767866
LOC100756791,100756791
Spsb2,100757837
Ybx1,100769813
Zfp64,100753579
LOC100756028,100756028
Ppm1d,100761266
LOC113839152,113839152
Chd1,100751866
Gal3st4,100771720
Mtbp,100754090
LOC113833950,113833950
LOC100753076,100753076
LOC113835304,113835304
LOC113838602,113838602
LOC100753502,100753502
Trim59,100767039
LOC103162753,103162753
Ell2,100762315
Hspa2,100764750
LOC100769617,100769617
Pik3r2,100771181
LOC100766259,100766259
Map3k14,100766459
Cpt1a,100762166
Hoga1,100759109
LOC100765771,100765771
Chm,100763141
LOC100773141,100773141
Suco,100753995
Rhoa,100762797
Xylb,100750577
Polr2f,100754156
Ttc8,100772346
Ifi35,100770156
Ccnyl1,100760997
Osbp,100760367
Psma6,100754440
Myl6b,100766814
LOC100758579,100758579
Mocs2,100773226
Mtfr1,100760514
LOC100757863,100757863
Emc8,100770955
Klhl25,100767883
LOC118237700,118237700
Rrm1,100761591
Emd,100760344
Dusp4,100756233
Hsh2d,100760566
LOC100764768,100764768
Nqo2,100760827
Rel,100756087
Kdm3b,100752012
Pelo,100750681
LOC103158999,103158999
Lyar,100773375
Mybl2,100773251
Snord14e,100689271
Rpl29,103158593
Ascl2,100762061
Csnk2a1,100759365
Tln2,100770331
Pip4p1,100757444
Sdk1,100768773
Fam83f,100771028
Sf3b1,100772265
LOC100763258,100763258
Btf3,100756079
Gtpbp3,100751349
Yme1l1,100770453
Hs6st3,100765877
Aldh18a1,100755485
Tp53bp1,100767736
LOC118237718,118237718
C1ql4,100769166
LOC107978617,107978617
LOC100753824,100753824
Ccdc85b,100766533
Ncoa5,100768131
Phf6,100767275
Poldip3,100751957
Sema5a,100756526
Zc3h8,100770320
Phospho2,100764721
Gpatch8,100757325
Epdr1,100770772
Abhd2,100755212
St3gal5,100754838
Mpped2,100765784
LOC100756600,100756600
Gbe1,100772279
Bsg,100689246
Mthfd2,100770086
Gpam,100760138
Wdr47,100766348
Gkap1,100762171
LOC113832459,113832459
LOC100771043,100771043
LOC100752853,100752853
Brinp1,100774741
Cadps,100761643
LOC113838409,113838409
Hmgcs2,100774684
Snrpf,100758168
LOC100774008,100774008
Cenpt,100753819
Map1lc3a,100760576
Man1a2,100770527
Polr3c,100752999
Kif3c,100757377
Ccdc50,100750624
Snf8,100753514
Eno3,100771169
Lrrc14b,100751319
LOC100772005,100772005
Tex36,100766173
Tsen34,100766729
Svep1,100755877
LOC100757471,100757471
Klhl4,100764135
Pigv,100770177
Srp9,103160754
Azin1,100774224
Prkg1,100768615
LOC100761616,100761616
Hmga1,100689040
Atp11b,100773257
LOC100753964,100753964
Cacna1e,100773594
LOC100765504,100765504
Mtmr9,100754953
Zup1,100771141
Emilin2,100770473
Msh3,100762943
Sort1,100750717
Cdk7,100769780
Cend1,100752544
LOC100754683,100754683
Prkar1b,100770073
LOC100763143,100763143
Tff2,100764562
LOC100770617,100770617
Mtcl1,100762627
Gabrq,100767917
LOC100772408,100772408
Tnfaip2,100774266
Lrp5,100763041
Vps37b,100767219
Rabac1,103160328
Sf3b6,100760669
Xxylt1,100760146
LOC100768540,100768540
Zcchc17,100764924
Umod,100764823
Anxa5,100759361
Rorb,100771338
Tmem53,100755631
LOC103164078,103164078
LOC100766450,100766450
Uxt,100764181
CUNH20orf204,113830984
Ube2f,100773164
Gpn3,100764448
Pccb,100759926
Foxk1,100768479
Nox4,100754626
Samd11,100771844
Sec61a1,100767375
Ptpn11,100771077
Prkn,100764359
LOC113838677,113838677
Abca13,100753262
Raf1,100769018
Olfml1,100766460
LOC103158825,103158825
Trip10,100764945
Sel1l3,100759760
Fos,100689418
LOC100762275,100762275
Gtdc1,100752161
LOC118239765,118239765
Atp6v1e1,100755187
Lrrc73,100757911
Mtch1,100750983
Gzmk,100774132
Ehf,100774359
LOC100769017,100769017
LOC100753900,100753900
Lipe,100755300
Vill,100751215
LOC100752051,100752051
Ncl,100689056
Ndufa9,100773563
Utp25,100765405
Elac2,107977006
LOC100762836,100762836
LOC100753788,100753788
LOC103161719,103161719
Dusp18,100757443
Mrpl38,100758580
Znf148,100756197
LOC100771675,100771675
LOC100768277,100768277
Abat,100765485
Patl1,100752804
Sp3,100774926
LOC100753943,100753943
Rev3l,100774890
Bdp1,100759229
Fam168a,100752186
LOC107980356,107980356
Mrps10,100767194
Pmel,100769117
Pcbp4,100762513
Mif4gd,100770200
Myom3,100756256
Alkbh2,100753724
Rassf6,100759358
LOC100759388,100759388
Mad2l2,100761766
LOC100771038,100771038
Svil,100762636
Psmd3,103164599
Ulk2,100759097
LOC100773505,100773505
Ddah1,100767722
Rab8a,100760856
LOC100770435,100770435
Mcl1,100764237
Cpeb3,100770232
Trim46,100757214
LOC100759912,100759912
Sh2b2,100767263
Gnb1l,100773508
Zc3h3,100756959
Sqstm1,100768352
Brpf3,100759740
Ghrh,100756401
Bdh2,100766065
Tmem151b,100757694
LOC100761161,100761161
Mkrn2,100769305
Tada2b,100768678
Rras2,100771410
Sntg1,100762519
Tk1,100689285
Calhm3,100753966
Xkr6,100754658
Mrps18b,100765352
Des,100764990
LOC100765371,100765371
Rangrf,100760667
Frem3,100754422
Cdc40,100772994
LOC100770273,100770273
Mafg,100767634
LOC103160323,103160323
Hdgf,100761454
LOC100754451,100754451
LOC100759000,100759000
Pitpnm2,100771518
Calm1,100771772
LOC100771739,100771739
Acsl6,100762894
Ky,100770249
Lrrc43,100754484
LOC113838529,113838529
Rbak,100758131
Hars2,100757923
Mmadhc,100751326
Ebf1,100763962
Sf3b3,100752512
Alkbh4,100766685
Kpnb1,100762896
LOC100759508,100759508
Abcf1,100765933
Dhrs1,100757215
Pip,100758765
Arhgef28,100752236
Acap2,100760438
Nbn,100750782
LOC100774611,100774611
LOC100761886,100761886
Pcif1,100771480
Serinc5,100762651
Ftsj3,100771677
Ergic1,100774570
LOC100774417,100774417
Lrp2,100772030
Dhrs9,100771741
Tmem30a,100756251
LOC100767355,100767355
Fam83c,100761734
Arhgap31,100758592
Zfhx3,100759927
Pigs,100761041
Tsacc,100754982
Ubtd1,100758245
Itga1,100750393
Cep290,100753037
Tns1,100758067
Sbspon,100764876
Gsk3b,100760865
Nab1,100765317
Adamts9,100768091
Mid2,100759244
Zfpl1,100766654
Cntnap5,100766518
Hmgcl,100755385
Ube2q2,100763851
Eef1g,100753545
Odr4,100751804
Lrrc71,100761163
Frmd4a,100750826
LOC100766288,100766288
LOC100756805,100756805
Slc44a1,100766177
LOC100757077,100757077
LOC113839468,113839468
Trappc3,100758455
Enpep,100757489
Lrp1,100754427
Mfap3,100766304
Furin,100682534
Asxl1,100761070
Sgpp1,100766871
Aspscr1,100768779
Smap1,100756395
C1qtnf12,100767884
Plscr3,100759961
Cd2ap,100770360
Rpl10,100758401
Rhob,100774759
LOC100755219,100755219
LOC118239967,118239967
Tax1bp3,100772000
Fam207a,100765418
Ubox5,100769179
Ddx5,100768812
Cux1,100767555
Disp1,100772392
Bmp6,100768517
Castor2,100768347
LOC100772531,100772531
Naa35,100772100
LOC113831254,113831254
Ect2l,100770493
LOC100762876,100762876
Abhd10,100770127
Asf1a,103163586
Slc12a1,100761861
Gdi2,100765873
Fa2h,100771615
Mcm4,100770466
Igfbp6,100751810
LOC100753687,100753687
Tars2,100762707
Trim45,100770048
Rc3h1,100750750
Map3k1,100770540
Pank4,100768771
Ubfd1,103160474
LOC100758339,100758339
Diaph3,100772633
Chsy1,100770803
LOC100764724,100764724
LOC103158641,103158641
LOC113830936,113830936
Cip2a,100760685
Cpeb2,100761763
Lrrc59,100758748
Mccc2,100756739
Carnmt1,100765030
Il31ra,100770824
Birc5,118237651
Ap3b1,100755352
LOC113837352,113837352
Tmem178b,100774962
Naa10,100774782
Cd47,100770433
Cenpb,100689274
Ubxn4,100766565
Snx33,100760671
Mob3a,100770056
Piezo1,100754271
Slc35f2,100769891
Tecpr2,100756039
Slc25a40,100750700
Banf1,100765074
Acvr2b,100755103
Mib1,100766406
Minar1,100758044
Snrpd3,100768269
Znf483,100757155
LOC100770406,100770406
Snx2,100774009
LOC113838063,113838063
Pcdh1,100751761
Spcs3,100753146
Mgarp,100763385
LOC107977343,107977343
Ube2b,100758252
LOC100766784,100766784
LOC100753866,100753866
Cfap61,100771165
LOC113835637,113835637
Myo18b,100773043
Scfd2,100755789
LOC100770451,100770451
Bptf,100772838
Nek7,100765727
Rlf,100752130
Ppp1r13b,100767649
Akap13,100768171
LOC100772710,100772710
Kcng3,100765018
LOC113831945,113831945
LOC100768321,100768321
Pcbd2,100762703
Foxp4,100769418
LOC100762631,100762631
Tbc1d10b,100774548
LOC103159719,103159719
Fkbp14,100758490
Manea,100682532
Ccr10,100760302
LOC113838906,113838906
Phc3,100766114
Alpk2,100770843
Il1rapl1,100767870
Rps8,100755051
Taf6l,103159405
Ms4a15,100771655
Brinp3,100774253
Tenm3,100751317
LOC113837877,113837877
Crb3,100762804
Sfxn5,100769127
Nin,100766463
LOC100758324,100758324
Fbn2,100769316
Samd4b,100760986
Ddx39b,100773161
Tbc1d32,100765335
Amd1,100774596
Capn2,100771239
Tmem63b,100758557
Cep70,100767664
Grhl1,100753443
Oprl1,100766638
A2ml1,100762067
Fgd1,100760862
Glt8d2,100772458
LOC113831027,113831027
Ltbp3,100772206
Nup93,100757790
LOC113838575,113838575
Nebulette,100751354
Dpp9,100757878
Ppp2r5c,100754775
Sec24a,100766669
Trpv2,100752789
Ets2,100774407
LOC100770484,100770484
LOC113834498,113834498
Sprtn,100764217
Fam222a,100751362
Rgp1,100755470
Efhd2,100752661
LOC100761548,100761548
Vbp1,100753433
Vps41,100768202
Lyz,100770686
Nr4a1,100764218
Exosc10,100754929
Ercc6,100770299
Ros1,100760611
Gpc1,100751141
Dph3,100768092
Atf7ip,100753637
Katnal2,100772637
Cplane1,100770827
Adh5,100767929
Pla2g12b,100758369
LOC113839036,113839036
Cluap1,100764485
Rab11b,100754543
Herpud1,100758367
LOC100755934,100755934
Apobr,100753181
Vcpkmt,100769613
Atg14,100753411
Ntrk3,100755800
Acadsb,100766828
Det1,100770116
Ilrun,107979433
Rragc,100750696
Megf11,100767399
Odf2l,100773183
Tyw3,100769973
Slc27a4,100765865
Atg4b,100754964
Slc24a2,100758236
Lcor,100756611
Acsl1,100751492
Bcat2,100752344
Rfx5,100770896
Tnpo3,100753994
Plcb1,100751979
G6pc3,100753219
Spast,100765919
Sycp3,100771868
Acadl,100759026
Wipf3,100759347
LOC100751817,100751817
LOC100764753,100764753
Ntmt1,100771449
Htra2,100760629
Amph,100767913
Reck,100759086
Gid8,100757886
Fars2,100761130
Pigl,100752487
Degs1,100753569
Ruvbl2,100770081
Pbx4,100754492
Ggh,100751581
Slf2,100756312
Inka2,100751785
LOC100752691,100752691
Lancl1,100758445
Ppp1cb,100761524
Selenoo,100758305
Il18,100750469
Cep128,100752420
Psd,100774898
Tafa1,100757363
Tnfrsf1b,100774542
Clk3,100756143
Per2,100772001
Amigo3,100761154
LOC100762754,100762754
Sdcbp2,100763188
Txlnb,100769447
Hspa8,100689472
LOC100761715,100761715
Mnt,100766817
Ikzf4,100768259
LOC100751613,100751613
Srpra,100758562
Ndufs8,100755890
Arl9,100759276
Megf10,100757958
Alg5,100769679
Tmem230,100761638
Cfap97,100752065
Cited2,100773955
Mios,100760592
LOC100750370,100750370
Rock2,100767265
Zcchc4,100768868
Chst11,100771304
Erc1,100753317
Suclg2,100752265
LOC100751321,100751321
Zfp37,100770837
Agbl4,100759283
Bank1,100762463
Rnft2,100752081
Grb2,100769627
Calm3,100762749
Ptrhd1,100755437
Sltm,100757547
Kctd17,100763063
Slc7a7,100768258
LOC103164262,103164262
Frmd3,100770240
Derpc,113834671
LOC107978645,107978645
Sar1a,100763187
Synpr,100752738
Gmppb,100760573
Col18a1,100764844
Tirap,100757985
Nr1h3,100756988
Pheta2,100751381
LOC100767070,100767070
Fah,100757944
LOC100766315,100766315
Prpf4b,100759963
Ccnj,100763458
Mars1,100756755
Xiap,100689374
Pym1,100770070
Cstf3,100772127
Trmt10c,100756944
Ppargc1b,100762347
Deaf1,100756469
Rab3il1,100756879
Il6,100689186
LOC100759741,100759741
Naaladl2,100761363
LOC100764001,100764001
Smu1,100736555
LOC100763261,100763261
LOC100757240,100757240
Nsun3,100769254
LOC113836408,113836408
Rdh11,100759877
Spcs2,100755739
Dqx1,100761206
Tmem185b,100757584
LOC100761211,100761211
Cldnd1,100770002
Mboat1,100754943
Pde6d,100762580
Lrrc40,100750389
Glipr1,100760583
Hsdl1,100774919
Orai1,100752394
Dock2,100766266
LOC100757460,100757460
LOC100763560,100763560
Ten1,100759443
Zpr1,100773173
LOC100750560,100750560
Pak3,100774215
Ulk1,100772932
Hoxc6,100763696
Dixdc1,100773209
LOC100769643,100769643
LOC100762078,100762078
LOC113833947,113833947
LOC113837421,113837421
Lnpk,100753894
Strc,100767154
Nr2c2ap,100756914
Bop1,100763888
Upf2,100771546
Tctn2,100768551
Stc2,100770621
Cplane2,100752253
LOC118238726,118238726
LOC103161422,103161422
Usp49,100771034
Ncln,100761580
Olah,100755723
LOC100764038,100764038
LOC100774576,100774576
Gnai1,100689070
Acvr2a,100774605
Gcsam,100770981
Emilin1,100763067
Acyp2,100758982
Cnga4,100753462
Fstl1,100761843
CUNH7orf50,100768160
Nup50,100759187
Med10,100759421
Tmbim6,100757833
Eny2,100768337
Fgf2,100757429
Zfp41,100757735
Ikbip,100757532
Inha,100766733
LOC113835000,113835000
Usp37,100772571
LOC103158824,103158824
Atp13a2,100770673
Dnah7,100752773
LOC100755310,100755310
LOC100763338,100763338
Ubac2,100766407
Cnst,100765705
Evc2,100751511
Dmtn,100764907
LOC113831823,113831823
Matn1,100766668
Arl6,100773053
LOC100769555,100769555
Ndufb4,100762129
LOC113837300,113837300
Oxnad1,100768576
LOC113838943,113838943
Socs1,100751218
Stbd1,100769936
Usp8,100753287
Lamtor4,100750902
Clrn2,100769210
Eef1a1,100689276
Maea,100770544
Ghr,100763540
Yipf1,100765481
Sec61a2,100771837
LOC100762568,100762568
Fbxl5,100768201
Wdr49,100760310
LOC113836360,113836360
Znf213,100773530
Impg1,100766332
Tmem108,100762196
Pcmt1,100762308
Fastkd5,103163403
Micu3,100752287
Chrnb1,100758816
Cilp,100774209
Mettl9,100760354
Pex14,100769796
Ptges3l,103160894
Ccdc162p,100751702
LOC100771222,100771222
LOC100762115,100762115
Uts2r,100772706
Upk2,100759757
Ppp1r42,100767325
Synj2bp,100763373
Ilvbl,100752439
LOC100751184,100751184
Nfatc3,100760989
Pigw,100759511
LOC113837470,113837470
Dcun1d1,100771521
LOC107980331,107980331
Zbtb33,100763419
Znf652,100754989
LOC100766854,100766854
LOC100762217,100762217
LOC100758986,100758986
LOC113836087,113836087
LOC100750546,100750546
Znf707,100763645
Pitpnb,100772348
Treml4,100757253
Timm22,100762051
Ciita,100768306
Traf4,100762863
Mfsd8,100771697
Rnf214,100761598
Nfkb2,100774604
Peli1,100754085
LOC113838916,113838916
Upf3a,100759208
Ubr2,100767969
Rcor1,100773394
LOC100754870,100754870
Cntnap2,100761620
Polr1h,100753139
Abcc4,100766754
LOC100761417,100761417
Ran,100769066
Iars2,100758227
Nfia,100756120
Ccdc14,100757937
Pars2,100751506
Cdr2l,100758231
Atmin,103162505
Eme2,100765424
Slc4a7,100770901
Cep89,100757884
Nup133,100768681
Ghdc,100754994
Ip6k3,100772883
Ppm1g,100768018
Nfkb1,100770607
Tedc2,100774795
LOC107977005,107977005
Mdh1b,100756246
LOC100774652,100774652
LOC100758054,100758054
Irak1,100773909
Mob1b,100751008
Kiaa2026,100763428
Smyd1,100766221
Tubgcp3,100760005
F2rl1,100757860
Tnfsf4,100773775
Pcdh15,100765729
LOC100763630,100763630
Cdkl1,100767891
Dpcd,100751595
Gemin4,100761184
Wrnip1,100756702
Gmeb2,100761456
Spindoc,100753566
Copa,100762124
Notch4,100765940
LOC100769501,100769501
LOC118237605,118237605
LOC100754624,100754624
LOC100760809,100760809
Mmp10,100755142
Dscam,100765236
Dusp23,100771960
LOC100756518,100756518
Cryl1,100763866
Eftud2,100757897
Fzd3,100751712
Slc12a4,100751159
Adss2,100767083
Mroh2a,100756011
Mthfr,100774930
LOC118237780,118237780
Bag5,100757492
Ccdc18,100770535
Mlxip,100768794
LOC100770595,100770595
LOC100767376,100767376
LOC113835848,113835848
Stmn1,100770568
Sel1l,100751353
Ddx25,100759427
Dcp1a,100773763
LOC113831970,113831970
Ehd1,100761397
Glce,100754874
Areg,100772017
Smco4,100753911
Araf,100751432
LOC118237725,118237725
Thg1l,100763395
Asb15,100759425
Mxd1,100773636
Il6r,100750971
Xaf1,100754608
LOC113834607,113834607
Uso1,100754738
Alyref,100756310
LOC100769715,100769715
Aktip,100770507
LOC100769432,100769432
Nwd1,100758068
Galnt5,100757219
Pan3,100757082
Ecd,100761389
Rpa2,100764034
As3mt,100758973
LOC100769705,100769705
Dstyk,100759895
Pfkl,100762127
Ticam1,100769672
Snai1,100757314
Stau1,100758464
B3gnt2,100766691
Eya3,100772330
Nup85,100770676
Clpp,100761651
Vezt,100758457
Magi1,100768378
Bicral,100768726
Rp9,100768648
Lrrc8e,100754708
Ankrd37,100771039
Ncor2,100769124
Ret,100772741
Edf1,100763269
B3galnt2,100768564
Commd4,100762408
Mir3102,114483089
Adra1d,100772819
Tmem208,100760614
LOC100766868,100766868
Itpa,100768122
Palb2,100773675
LOC100752809,100752809
Rrn3,100751564
Capn8,100771531
Lpcat3,100768200
Nckap5l,100757554
LOC113833621,113833621
Tubd1,100757222
Tarm1,100764097
Nav3,100751663
LOC100752586,100752586
Ttc32,100751849
Trim13,100752234
Efcab7,100753483
Ttc21b,100752926
Dnajc21,100759616
Osbpl5,100774018
Memo1,100766217
LOC103162709,103162709
Tspan16,103162526
Cntd1,100761754
Sil1,100751151
Kpna3,100761838
LOC113839136,113839136
Ccdc22,100757706
Grik4,100767895
LOC100751546,100751546
Mycbp,100750991
Tram1,100773434
Prdm5,100757619
Aptx,100774231
LOC100754143,100754143
Enoph1,100767312
Larp1,100767665
Map2k4,100770977
LOC100774182,100774182
Mga,100761540
Snx17,100767433
LOC100767291,100767291
Pisd,100689093
Znf462,100762392
LOC100772800,100772800
LOC100754138,100754138
Apex2,100753797
LOC100758350,100758350
Abcd4,100768387
Rnf135,100772496
Rplp2,100753445
Man2b1,100766505
Sbno2,100765525
Arfip1,100761181
Emc3,100757477
Mfsd14b,100752082
Tmem132a,100774718
LOC100762201,100762201
Pros1,100768391
Cd28,100769830
LOC103162476,103162476
Pex1,100763358
Trmt2a,100774876
Tmx4,100752266
Pja1,100767592
Gpatch2,100760239
Spopl,100751898
Tspyl2,100751807
Hsd17b11,100767058
LOC100753142,100753142
Cabp1,100756642
LOC100759173,100759173
Akna,100774585
Edrf1,100756396
Fam161a,100770716
Twf1,100752176
Sh2b3,100773100
Cdc42bpb,100773684
Elk4,100755459
LOC113830678,113830678
Plp1,100766346
Ifngr1,100772793
Blvra,100751522
Rps10,100756654
LOC118238100,118238100
Htr2a,100689471
Srsf4,100762302
Anln,100768074
Terf2,100762546
LOC100769869,100769869
Sav1,100766170
Fgd6,100756530
Tpk1,100768444
Oxld1,100755436
Plk4,100774595
Taf1b,100752844
Mrps30,100753404
Strn4,100763615
LOC113838388,113838388
LOC100768810,100768810
Vgll3,100762839
Map3k4,100764060
Fam81b,100759412
Znf397,100763007
Ttll12,100769125
LOC100774281,100774281
Pold2,100762815
Pdrg1,100754797
Thumpd2,100762353
Gpr108,100764254
Tut7,100767495
Rmnd5a,100766802
Smim26,100766264
Zbtb41,100764861
Numa1,100762458
LOC100757824,100757824
Morf4l2,100767218
Klf1,100763392
Ctbp1,100766703
Poc1a,100765128
Cdca5,103159496
Mfap5,100762659
Yipf3,100755010
Gnaq,100689066
Dicer1,100689239
Trmt44,100766766
Snip1,100755086
Gtf3a,100763921
Siae,100754185
Atpaf2,100754752
LOC100754933,100754933
Mettl3,100774316
LOC113838894,113838894
Babam2,100756206
LOC113837997,113837997
Wdfy3,100761492
Fmr1,100760305
LOC100761796,100761796
LOC100761562,100761562
Ncstn,100761836
Ccbe1,100754816
Rnf5,100757912
Kin,100761113
Hyou1,100689308
Neil3,100753722
Zc3h4,100767693
LOC113831898,113831898
Mast2,100774357
Tmem106b,100763634
Bag4,100753192
Grb14,100752932
Rab30,100751870
Mov10,100750814
Cacna1s,100765508
Kiaa0232,100769248
Adam22,100751750
Zmym6,100766000
Rprd1b,100759004
Plp2,100758858
Fam222b,100763154
Pts,100750756
Lmtk2,100769717
Snx19,100754067
Tmeff2,100772386
Fam8a1,100761518
Nr2c1,100757017
LOC100752592,100752592
Rabl6,100762690
Dkk2,100774823
Ahcyl1,100767631
Dolpp1,100761712
Adgra3,100753965
Hipk1,100759237
LOC118237601,118237601
Mroh2b,100767277
LOC100774938,100774938
Tmc1,100753378
Gtpbp8,100766372
Ppie,100773432
Tex55,100760908
Taldo1,100689344
Rab11a,100767114
Il13ra2,100754617
LOC113834954,113834954
Pdss1,100772754
Dnai1,100754021
Vat1,100752920
Mrps15,100759894
Ilf3,100757497
LOC100772563,100772563
Ash1l,100754103
Bcl3,100751077
Coq8a,100752533
LOC113832540,113832540
Arl14ep,100765495
Lmo2,100773201
Ovch2,100766258
Cap1,100774682
Polr2a,100689016
Nnt,100764271
Cps1,100760467
LOC100752419,100752419
Caskin2,100769048
LOC100773203,100773203
Dcaf11,100762322
Srrd,100773911
Ikbkb,100750488
Gba,100756635
LOC103159225,103159225
Tmem129,100765535
Tmem176a,100764250
Slc1a2,100752285
Lrrc1,100751156
Nifk,100756413
LOC113837249,113837249
LOC100772019,100772019
Tbc1d22b,100751571
Rpap1,100762111
LOC103162975,103162975
Fam43a,100759560
Ctbp2,100769412
Ankrd52,100751169
LOC100754108,100754108
Atxn2l,100765372
Extl2,100761218
LOC100767490,100767490
LOC100751044,100751044
Depdc5,100767573
LOC107977279,107977279
LOC118238844,118238844
Pias4,100764375
Dis3,100750372
Siglec1,100773687
Eml5,100771482
Zc3h7a,100770208
Omp,100766633
LOC100763785,100763785
LOC100755304,100755304
LOC100751775,100751775
Zfr,100774882
S100a5,100771097
Chml,100772631
Dlg4,100762874
Gcat,100752849
Dhcr24,100769920
LOC100757831,100757831
LOC100760950,100760950
Lrig2,100767403
Veph1,100754002
Cul4a,100760883
Satb2,100773312
Actn3,100756672
Ddx11,100756953
Arih2,100764705
Mrpl3,100768688
Gng4,100767992
St7,100752218
Pkdcc,100764428
Nipsnap2,100756369
Ssu72,100772289
LOC100770416,100770416
Fam187a,100758476
LOC100760272,100760272
Fcgrt,100755637
Lin52,100755280
Doc2b,100759731
Arhgap12,100770897
Carmil2,100767020
Znhit3,100760096
Slc66a1,100752042
Gabarapl2,100767407
Chst3,100758880
Prpf38b,100752495
Marf1,100771777
Ogfrl1,100757269
Lnpep,100759698
LOC100771208,100771208
LOC100772093,100772093
Camk2b,100769205
LOC100773032,100773032
LOC100758550,100758550
Cog7,100754278
Arhgef37,100756858
LOC103159336,103159336
Klf7,100755667
LOC100763247,100763247
Ppp4r3a,100754152
Ncaph,100751228
LOC100768959,100768959
Mtf2,100764652
Ube2d4,100768634
LOC100759975,100759975
Mcoln2,100759844
Irf7,100755889
Etf1,100755265
Pip4k2b,100765223
LOC100752606,100752606
Trim21,100754581
LOC100771301,100771301
Lamc2,100765048
Ppfia1,100773150
Lrig3,100766677
Fabp2,100754164
Gtf2a2,100750331
Csnk2a2,100763424
LOC100769090,100769090
LOC100770999,100770999
Plac1,100767567
Btbd8,100769097
Spc24,100770237
Tmod3,100764304
Tnip1,100764935
Clk1,100758582
Sdsl,100768948
Rfc2,100770063
Slc35f3,100771255
Nfilz,107979131
Ccar1,100767167
Hnrnpa3,100757096
Cdnf,100751621
Ccdc71,100762268
Fam110a,100760972
Cdkn1c,103164177
Naa20,100771745
Rabif,100753301
Htatip2,100759325
Zc3h18,100767415
LOC100766798,100766798
Pou2f2,100757341
Plekhg2,100761461
LOC100754044,100754044
Xbp1,100689062
LOC113835142,113835142
Gatad2b,100767845
LOC100753859,100753859
Hps1,100761713
Scarb1,100736552
Arhgef12,100765006
Kyat1,100769821
Fbxo47,100757104
Get1,100755137
Mypop,113837301
Bet1l,100770224
Snx3,100769734
Nlgn1,100761653
Tmem67,100762830
Zscan30,100766295
LOC100765588,100765588
Eif3d,100769541
Fam184b,100768354
Cotl1,100772395
Top1,100689046
Gnao1,100689069
Gnb1,100689442
Znf585a,103161320
Pomt2,100764752
Nek2,100751300
Pank1,100768798
Bms1,100770546
Prkar2a,100765868
Acin1,100769875
Rnf166,100754557
Shld1,100773847
Ndufb7,100754222
Cdc7,100689341
Egln2,100771495
Trim11,100770152
Psmc2,100757596
Vps13a,100762383
Tmem183a,100751927
Raph1,100769256
Fam160a1,100751310
Nab2,100753054
LOC113830712,113830712
Mfsd10,100767880
Macrod2,103160864
Atp6v1g2,100765359
LOC103161273,103161273
Phf2,100764126
Cct6a,100754913
Czib,100772787
Amdhd2,100771907
LOC100772630,100772630
Ocel1,107977024
Cntnap1,100751740
LOC118238982,118238982
Sh3d21,100764248
Vps53,100760896
Galk1,100757135
Glcci1,100760004
Gosr1,100689312
LOC100755803,100755803
Vmp1,100756933
Cops7a,100756202
Mgme1,100768303
LOC113836432,113836432
Pdcd11,100753073
C9,100774096
G3bp2,100752963
LOC103164538,103164538
Hnrnpl,100768344
Lig4,100754640
Parp16,100753348
Ung,100753421
Bud23,100755551
LOC100765785,100765785
LOC100753190,100753190
Rabggta,100757505
Mtr,100763416
Slc23a1,100757803
Pim3,100757447
Spryd4,100763884
Kif3a,100755936
Mdfic,100764214
Hmga2,103158819
Narf,100773860
C1qbp,100754945
Garem1,100774206
Znf106,100758432
Armcx5,100769784
Desi1,100770500
Ddx1,100756637
Nfkbiz,100759240
Stub1,100760778
LOC103161318,103161318
Rtcb,100753929
Slc6a8,100752334
Ahnak2,100752400
Zmym3,100754045
Agbl1,100750752
Sae1,100767400
Klf4,100763533
Abcb8,100763667
Spats2,100762195
Tcerg1l,103160765
Exosc7,100763217
Ak2,100756723
LOC103158661,103158661
Sgms1,100766719
Gtf2f2,100768332
Fam71e1,100756180
LOC100774147,100774147
Fgd3,100756063
Ip6k1,100760280
LOC100769498,100769498
LOC100766207,100766207
Cstf2t,100768909
Hcn1,100753109
Ddost,100755259
Brms1l,100774936
Pudp,100774390
Cdc25b,100765509
Fhdc1,100760893
Trappc2,100768363
Hm13,100757312
Arhgef10,100757483
Tmem254,100753036
Trim26,100772177
Snx18,100750588
CUNH17orf78,100767508
LOC113836333,113836333
Gde1,100750723
Rae1,100759605
Dcaf13,100751757
Aga,100754017
C1qtnf5,100760072
Dmxl2,100753187
Ppy,107979918
Cryba1,107977665
LOC100756057,100756057
LOC100763875,100763875
LOC100753291,100753291
Naa16,100771585
Tsen15,100755550
Cnpy3,100769298
Wfikkn1,100770624
Wdr20,100772230
Nelfcd,100766768
Med13,100751010
Adcy10,100767272
Prr5l,100753398
Ccdc188,100750562
Nae1,103163014
LOC100750831,100750831
Mapk8ip2,100754281
Kat8,100756283
Rassf7,100774797
Znf182,100764777
LOC100773773,100773773
Rnaset2,100755121
Ccnd1,100689063
Inava,100766673
LOC113831240,113831240
Hsd3b7,100754260
Tars3,100772235
Nyap1,100751098
Btg1,100755272
Map3k21,100771548
LOC100759171,100759171
LOC100772381,100772381
Rad51,100689324
Ptprc,100761948
Tnfrsf1a,100765017
Brdt,100768519
LOC113834431,113834431
Keap1,100759410
Smc3,100759387
Tspan6,100769848
Fabp4,100760812
Chaf1b,100751472
Hibadh,100760581
Rcc2,100771065
Bcl2a1,100758620
Ntng1,100773944
Rrp12,100757192
Rnf220,100762776
Hspa13,100766580
Pipox,100765858
Jak1,100754824
Naa30,100754621
Ptpn9,100765899
Chpf2,100760284
Znf385a,100769607
LOC103163650,103163650
Slc35a4,100753554
Znf133,100767427
Txnrd1,100771594
Agap2,100764978
LOC118238732,118238732
LOC100762453,100762453
Vps28,100761380
Man1c1,100761494
Syngr4,100774520
Dner,100755447
LOC113837489,113837489
Bhlhe41,100759250
Eif2b2,100759048
Myl4,100771007
Cggbp1,100767237
LOC113838043,113838043
Kctd15,100765553
Sfmbt1,100752971
Zscan29,100755445
Akap12,100772605
Scn8a,100764200
Aire,100768045
Abhd5,100769851
Siah2,100773133
LOC113836540,113836540
Tle7,103163901
Acp3,100763644
Aloxe3,100754187
Lemd3,100770973
Igfn1,100765216
Slc39a10,100754926
Tab1,100771613
Sec31b,100774608
LOC100760837,100760837
LOC100750598,100750598
Proz,100758472
LOC113833875,113833875
Kctd3,100760825
Sfxn2,100757925
LOC113839047,113839047
Abcc3,100767558
Pnp,100757729
LOC113837580,113837580
Bmerb1,100772063
LOC100757746,100757746
LOC100763699,100763699
Ppm1j,100751109
Casp4,100759746
Trmt5,100752861
LOC113830755,113830755
LOC103164378,103164378
A4galt,100770462
Ddx31,100773757
Rbm8a,100754959
Dpt,100765812
Boc,100766664
Anxa11,100752736
LOC107977720,107977720
Rcbtb2,100750578
Bnip2,100750620
Cenpf,100752075
Tfr2,100752766
Cib1,100772612
Dcaf7,100773606
LOC100763509,100763509
Fgf13,100756051
Rplp1,100757682
Fbxo25,100758634
Sh2d6,100752626
Cavin4,100757606
Fibp,100766825
Col26a1,100768133
Igf2r,100762916
B4galnt4,100758404
Gpd1l,100773663
Htr1b,100689321
Sdk2,100751793
LOC100765441,100765441
Dnajb3,100755138
Aff1,100751914
Ston1,100769184
Arhgef11,100760875
Ugp2,100689325
LOC100753014,100753014
Pip5k1a,100753298
LOC113838798,113838798
Dync2h1,100758806
CUNH11orf65,100753928
Pml,100757598
Znf329,103158601
Upb1,100762944
Upf1,100765798
Mmel1,100755223
LOC100764627,100764627
Ap1g2,100764053
Kcnq5,100773342
Sec63,100775020
Iffo2,100764698
Kif23,100682531
LOC113830730,113830730
Vti1a,100773548
Adi1,100765075
Ddx4,100767469
Abcd1,100769988
Mogs,100689098
Serping1,100756452
Klc4,100774201
Slc39a11,100753680
Was,100769113
Zhx3,100770846
Tkt,100774058
Samd15,100763864
Heatr6,100773538
Fam227a,100751092
Abca9,100772634
LOC100767421,100767421
Trappc13,100761869
LOC113838049,113838049
Phf8,100756628
Ift20,100759277
LOC113836562,113836562
Map3k10,100768062
LOC100756225,100756225
Lrrc42,100764609
Ttc19,100760541
Efemp2,100736553
CUNH3orf33,100760167
Ptpra,100770038
Evl,100771012
Esr1,100768474
Fbrsl1,100774092
Card9,100759255
Prepl,100762687
Ppm1m,100770979
Kifc3,100763525
Nmd3,100759050
Mpzl1,100770436
Patj,100755532
Agbl3,100764584
Osbp2,100760907
Nr1h2,100771620
Polq,100764158
Bmp2,100752564
Spryd3,100752094
Tango2,100774094
CUNH11orf24,100761593
LOC100762057,100762057
Chchd6,100761221
Qsox1,100754501
Pdcd7,100753946
Znf853,100766765
Dusp16,100774758
Bcl2,100774873
Rundc3b,100752332
LOC113831486,113831486
Alox12,100764620
Eri1,100773583
LOC118237870,118237870
Pds5b,100758477
Pparg,100689245
Ano6,100757664
Adrm1,100754801
LOC100771066,100771066
Pnrc1,113834406
Emc9,100761448
LOC100758335,100758335
Slc30a4,100772645
LOC107978969,107978969
LOC100752535,100752535
Med9,100767374
Tmem248,100751620
Zfp28,100765293
Zc3h15,100753210
Ncdn,100766879
LOC100771813,100771813
Ssbp4,100768609
Ccdc93,100760176
CUNH19orf54,100770635
Tnfsf10,100754968
Srm,100756588
LOC100756747,100756747
Ogfod2,100772290
Grm7,100774073
Dpp6,100774564
Zfx,100769296
Kif24,100770944
Dnajc2,100757311
Abcc9,100769198
Dst,100773919
Fth1,100689102
L3mbtl1,100772152
Rcan2,100758104
LOC100761901,100761901
Cast,100761152
Rad52,100689331
Ndufa11,100772543
Tbc1d4,100755100
Kat5,100761603
LOC100768185,100768185
Kif26b,100764244
LOC100765833,100765833
LOC113830641,113830641
LOC100757285,100757285
LOC100752103,100752103
Fgf8,100750999
Cisd1,100772922
LOC107977511,107977511
Urm1,100765578
Myo5c,100753160
Znf582,103162168
Prox1,100752367
Fcar,118239355
LOC113834187,113834187
Sall1,100757204
Glmn,100762721
LOC100758221,100758221
Sc5d,100752960
LOC100760484,100760484
CUNH1orf53,113835903
Kbtbd4,100760838
LOC100763697,100763697
Sh3gl2,100756836
Gli1,100763229
Ppil4,100759307
Txlng,100752164
Exd2,100765115
Ganc,100770033
Abhd15,100758482
Itsn1,100758619
Krt74,100754923
Tceal9,103161413
Slc30a7,100760930
Evi5l,100755001
LOC100751910,100751910
Mta1,100754490
Tmem50b,100757829
Cd36,100765055
LOC100761624,100761624
Ciao1,100758531
Bola1,100758926
Ccdc136,100751519
Zscan20,100773696
Xab2,100767687
Sigmar1,100752825
Adgrl1,100760780
Psmd10,100751016
Kiaa1549l,100755155
Sema3e,100757993
Prmt6,103163554
Elmod2,100773262
Mpp7,100772723
Asb1,100771136
LOC100757485,100757485
Eda2r,100752833
Sympk,100758374
Pten,100764294
Nfatc2,100762227
Trmt10a,100758993
Npc2,100770757
Cntn5,100762864
LOC100770794,100770794
Atad2b,100763563
Fem1c,100760897
Ltbp1,100764759
Map3k20,100769818
Lsm14b,100769638
Chd8,100750414
LOC113837158,113837158
Znf512,100762981
Stil,100759008
Lonrf1,100774743
Dut,100761578
Il22ra1,100756546
Ccdc38,100757876
Rps16,100773230
Ttn,100767264
Tp53inp2,100751556
Kiss1r,100753032
Ccl27,100770725
Mmrn1,100774475
P4ha1,100757890
Eif5a2,100775097
Irx2,100762372
Ccdc3,100772989
LOC100758641,100758641
Nuak2,100754593
Arhgef7,100766623
Laptm4a,100750771
Tle1,100771091
Hmgcr,100756363
Pcnx4,100751396
Srd5a3,100770660
Mymx,113832313
Pigp,100752242
Ppig,100763632
Ralbp1,100756078
Baiap2,100761815
Ddx56,100764269
Plpbp,100770225
Tipin,100768167
Npr3,100774587
Lrch1,100760337
Cldn12,100769202
Tmc6,100774370
LOC100759690,100759690
Palmd,100762488
CUNH16orf86,100764389
Tmem33,100766549
Pgk1,100689467
Smad5,100754116
Psmb10,100751737
Polr2e,100754513
Grap2,100769885
Magee2,103162729
Sun5,100759609
Arvcf,100773799
Rab7a,100763105
Prdm1,100759446
Tex264,100773222
Lrrc57,100757487
Hcfc1,100774489
Tox,100772760
Ensa,100764533
Prkd3,100756168
LOC100771953,
Phospho1,100760987
Slc35c2,100682539
LOC100760035,100760035
LOC113837015,113837015
LOC113838660,113838660
Nop2,100753876
Morn3,100752696
Tcf7l1,100753225
Colec12,100771704
Pard6b,100761364
Pola2,100768307
LOC100753961,100753961
Rab21,100762794
Celf1,100760547
LOC113837577,113837577
LOC100765571,100765571
Rrm2b,100768429
Il17f,100751004
Ubn2,100768627
LOC100770800,100770800
Dnah8,100763108
Chp1,100763935
LOC113832362,113832362
Smad1,100768619
Rdx,100752135
Pcf11,100753347
Pla2g4b,100771756
Ccser2,100752321
Armc3,100751830
LOC113831896,113831896
Wars2,100772881
Sowahc,100762040
Arih1,100755555
Gramd2b,100752099
B4galt2,100689434
Rusf1,100771170
Scamp2,100756209
Ncf4,100773086
Zbtb37,100774939
Cars1,100761418
Dsp,100767947
Reeld1,113834595
Znf346,100765614
Gem,100757029
Optn,100773283
LOC100774687,100774687
Gp2,100767123
Spata25,100773117
Fsip1,100761745
LOC113838971,113838971
Zc3h7b,100761396
Ctsz,100689392
LOC100764601,100764601
Ndor1,100771833
LOC100774449,100774449
Mok,100772524
Fam237a,100753628
Stk32b,100751801
LOC100769845,100769845
C7H16orf91,100772541
Cdc123,100753983
Slc6a6,100765478
Stxbp5,100761348
Exosc8,100769802
Polr2h,100769706
Znf280d,100770583
Efna1,100758074
Wwtr1,100758012
Znf473,100769900
Tmem11,100773664
Ptprt,100772443
Ptch1,100763926
Slfnl1,100757695
Sec24d,100774358
Slc12a7,100764745
Brk1,100758338
LOC107978163,107978163
LOC100772101,100772101
Hmg20a,100759297
CUNH8orf33,100750934
Casc3,100773741
Dennd1a,100774592
LOC100771630,100771630
Prickle2,100767513
LOC118237869,118237869
Padi3,100756898
Bcap31,100770274
Rsad2,100753921
Tsc1,100767621
Yipf2,100756626
Eml4,100764725
LOC113830655,113830655
Ptges3,100774202
Gfm2,100755195
Glod4,100761474
LOC107977017,107977017
Gpat4,100751939
LOC100767806,100767806
Mxra8,100773449
Nkx6-3,100751652
Agbl5,100762486
Mlh3,100755089
Rab27a,100767414
Baz1a,100757354
Mfn2,100763273
LOC100757167,100757167
LOC103162489,103162489
Actl10,103160901
LOC118239974,118239974
Rnf25,100771315
Slc45a2,100771880
Mdfic2,100754558
Lbh,100754182
Mcm9,100762661
Wdr44,100764342
LOC118238845,118238845
Fbxl7,100755012
Mindy3,100769292
LOC107977516,107977516
LOC113838711,113838711
Dnah2,100756503
LOC100773524,100773524
Sema6c,100753000
Med13l,100757555
Prkd2,100763335
Hps3,100752245
Vdr,100767048
Apba2,100763312
Fstl4,100764925
Ager,100757624
LOC100763045,100763045
Meis1,100751815
LOC107977033,107977033
Ereg,100771728
LOC113837212,113837212
Rrp1,100768977
LOC100767360,100767360
Slc16a11,103159167
Syne4,100754127
Arel1,100771045
Farp1,100761407
LOC103160498,103160498
Kifbp,100770903
Srpx,100765667
Exoc6b,100757038
Pcdhb14,100750434
LOC100755418,100755418
Pold4,100761682
Samd9l,100759866
Timm17a,100755745
Flvcr2,100760195
Sh3bgrl,100774610
Rnf165,100769567
LOC100756612,100756612
Ephb4,100769535
Lrmda,100764434
LOC100752983,100752983
Sorcs3,100771459
Il4i1,100773063
Tsga10ip,100769894
Myo1b,100753394
Maml2,100762611
Fbxw7,100761759
Fxr2,100757950
Spn,100752546
Pole2,100754280
Slc4a4,113839441
Thap4,100754670
Ube2j2,100768172
LOC100753804,100753804
Dnase1l3,100769677
LOC113838601,113838601
Atad5,100771634
Hivep3,100755083
Rbis,100771656
LOC100774501,100774501
Ythdf3,100751287
Zc3h12b,100774530
LOC113838533,113838533
Rbm34,100761330
Rbks,100762399
LOC100752185,100752185
Arrb1,100754574
Ca6,100754196
Asrgl1,100754434
Crat,100762198
Kmt5c,100772952
Abcb6,100768549
Slc52a3,100759942
LOC113836680,113836680
Gigyf1,100753362
Gorasp1,100755976
LOC100772282,100772282
LOC113831761,113831761
Atg3,100765208
Ccdc187,113836471
Rpl28,100774114
LOC100763954,100763954
Col15a1,100772437
LOC100770091,100770091
Ubap2,100769902
Vipr1,100767840
Sertad2,100753488
Nop58,100764223
Akap3,100773279
Zscan26,100765931
Smad6,100758934
Cep170b,100769745
Map4k2,100761105
LOC100767921,100767921
Tfam,100773498
Ccdc142,100764197
LOC100755740,100755740
Sucnr1,100771524
Adam12,100759770
Itgax,100757452
Tecrl,100767329
Dusp7,100765417
Scamp3,100756052
Trip13,100761136
Hmgxb3,100764075
Gskip,100770423
Vps33a,100769368
Runx1,100758283
Depdc7,100771553
E2f8,100760871
Trmt2b,100751250
Eif6,100689224
LOC113834557,113834557
LOC100760601,100760601
Ptp4a2,100755257
Elac1,100771025
Exoc2,100755817
Hpx,100753194
Znf236,100764693
Mindy1,100766575
Tbcb,100770447
LOC113838701,113838701
Wdcp,100760958
Hebp1,100752514
Nedd4l,100769118
Golph3l,100764832
Frmd6,100759547
Slc4a11,100767829
LOC100774062,100774062
LOC100760876,100760876
Lsm8,100756548
Nop9,100769858
LOC100756502,100756502
Akr1b1,100751272
Cep295nl,100767828
Idi1,100752366
Tgfb1,100773359
Dbf4,100689339
LOC107977609,107977609
Ddx42,100771386
Orc3,100768718
Tmem170a,100768282
U2surp,100767131
Serpinh1,100689327
Ddx46,100763282
Cbx4,100756554
Dnajc4,100756870
Ggps1,100767405
Lats1,100758732
Wdr45b,100752879
Mettl1,100760711
Septin11,100752472
Sh3bp5,100766354
LOC113838704,113838704
Znf112,100767491
LOC100752128,100752128
Etnk1,100765795
LOC113839076,113839076
Tmem87b,100770602
Ppp2r5e,100762509
Mrpl20,100771139
Scpep1,100760556
Adk,100736551
Trap1,100763701
LOC107978099,107978099
LOC113833874,113833874
LOC113837198,113837198
Iqcb1,100765421
LOC113837297,113837297
Prrc2b,100755319
LOC100763656,100763656
Sod1,100765091
Klf8,100765939
Mutyh,100752384
Slc34a3,100773189
Nabp2,100751749
Dgkh,100769284
Glt1d1,100761757
Znf335,100770994
Cd226,100762155
LOC100768443,100768443
Kti12,100753691
Ube3c,100768481
Gtsf1l,100772957
Il25,100766813
Glis2,100750786
LOC100754660,100754660
Cbfa2t2,100773698
Tbrg4,100767188
LOC113830631,113830631
Commd7,100752819
Tada3,100755727
LOC103160192,103160192
Morc2,100764189
Gars1,100751073
P4ha3,100766769
Smarcc1,100768250
Pold3,100756090
Rpl36al,100753090
Colq,100767802
Mettl21a,100761287
Hmbs,100757819
LOC100770067,100770067
Ttc37,100759126
Syngr2,100773495
Bbs10,100763026
LOC100758333,100758333
Agap3,100769383
Psmb8,100751746
Crlf1,100767254
LOC100773844,100773844
Gbf1,100689421
Tnrc6b,100771313
Foxf1,100757169
LOC100772312,100772312
LOC100760537,100760537
Tnrc6a,100758607
LOC107980301,107980301
Decr2,100759323
Kpna6,100754505
Rnf157,100760898
Nosip,100754869
Znf599,100757456
Emp1,100753041
Plagl2,100753721
LOC100768366,100768366
Zdhhc3,100760307
Prcc,100752015
Selenok,100771635
Layn,100689416
Dennd4a,100772570
Cry1,100761664
Rgs3,100750980
LOC103161659,103161659
Plcxd3,103160860
Pigo,100774971
LOC100752724,100752724
Pclo,100756778
Atp5mc1,100752739
Adgrf1,100768933
LOC100773454,100773454
LOC100752320,100752320
Adam15,100773702
LOC100757335,100757335
Dcp1b,103160459
Rrs1,100767723
LOC100767953,100767953
Ctsh,100756691
Ggt1,100763802
Heatr5a,100764339
Rps7,100765366
Rai14,100760490
LOC100768462,100768462
C1H12orf45,100771219
Mtus2,100755920
LOC100752402,100752402
Tln1,100755764
Hpcal1,100752247
Cep95,100773998
Aven,100751273
Mapkbp1,100760673
Smurf2,100773704
Cdca2,100775015
Phactr1,100768215
Pex6,100773621
CUNH20orf96,100750855
Txnl4b,100757210
Fam204a,100751254
Ccdc141,100768994
Sgsm1,100760121
Ldlrad4,100758578
Ostf1,100751605
Ppil2,100760101
Slc26a8,100764091
Kng1,100764285
LOC103161724,103161724
Gata4,100756123
Nbeal2,100769109
Fam184a,100767811
Arid1b,100773316
LOC100771627,100771627
Lrrtm3,100759319
Myt1,100765954
Rapgef3,100767619
Tmem170b,100763981
Znf276,100761510
Xkr4,113833776
LOC100759869,100759869
LOC118237734,118237734
Bend6,100774404
Opn3,100751835
Slc38a2,100689188
Ifrd1,100772061
Slc25a26,100769239
Zmpste24,100752728
Dnaja1,100689381
Casr,100766791
Kcne2,100759561
Brms1,100762549
Rgs6,100760410
LOC100764157,100764157
Ttc38,100758407
Dnttip1,100769006
Rasal3,100772454
Ubr1,100769170
Lrriq3,100769397
Tmprss11f,100763137
Fam149a,100751039
Akr1e2,100750439
Cr1l,100772783
LOC100759774,100759774
Clec16a,100768590
Ttc13,100766190
Atp6v0d1,100762360
Usp25,100765702
Mrps36,100770556
Hyi,100774763
LOC103163371,103163371
Relb,100752828
Ndufv1,100757245
Cyth2,100774811
Prtg,100755217
Tapt1,100761495
LOC100758278,100758278
Scyl3,100762452
Myl10,100767841
Mob3c,100770409
Slc37a3,100770346
LOC100767706,100767706
Paxbp1,100767420
Gnat1,100689190
Snx27,100753773
LOC100752468,100752468
Btbd10,100751295
Stxbp2,100768736
Trps1,100752290
Rnf11,100750535
Dck,100751299
Itih6,100755168
Pabpc4,100751578
Hmgb1,100754755
Hoxc8,100770928
Dhrs7b,100773373
LOC103164549,103164549
Arntl2,100758300
LOC100759232,100759232
Rpl17,100763788
Ttc3,100750887
Zyx,100759336
Pcgf3,100766593
LOC107977009,107977009
Ikzf3,100768701
LOC100771200,100771200
Tmem8b,100771785
Septin9,100770421
Cenpi,100771572
LOC113834371,113834371
Nckipsd,100760109
Ptcd3,100763681
LOC113838911,113838911
Ksr1,100769629
Gnpda1,100689210
Setbp1,100761078
Armc10,100761091
Mtfp1,100755489
Ndufs2,100768067
Zbtb25,100764151
Cfap99,100770745
Znf592,100751969
LOC113831305,113831305
Mcc,100773341
C3,100763958
Spdef,100756355
Rtn2,100756065
Zzz3,100759098
Id3,100751577
Metap1d,100768673
Cul1,100757763
LOC100751814,100751814
Taf6,100775090
Pax5,100752440
Scoc,100774622
Mrps22,100758230
Ribc2,100764612
Elavl2,100771799
LOC100757644,100757644
Rassf3,100770379
LOC113837001,113837001
Nudt9,100766764
Pgd,100765199
Nostrin,100771451
Ggact,100765817
Rara,100771910
Caln1,100751134
LOC100769505,100769505
Spryd7,100752529
Kcnh7,100764883
Mmp19,100770555
Ybx3,100774412
Clstn1,100771175
Cpt1c,100767138
Brcc3,100756268
LOC100752273,100752273
Oprk1,100753654
Rpl31,100754887
LOC100768089,100768089
Cpa6,100761681
Gng10,100755995
LOC113837947,113837947
Pcyt1b,100770553
Rad54l,100771751
Tmed4,100764565
Pard3,100765823
Best3,100759541
Klhdc9,100766323
Slc9a7,100769981
Egf,100763146
LOC100766034,100766034
LOC100773619,100773619
Ppp1r12c,100765970
Wdr91,100764287
Klhl28,100755905
Dnajc12,100758554
LOC100752946,100752946
LOC113833127,113833127
LOC100774725,100774725
Atp6v0b,100754687
LOC107980128,107980128
Lrrc20,100762897
Adss1,100751825
Kif13b,100759580
Cdk20,100758610
LOC100759009,100759009
LOC113839100,113839100
Paqr8,100774609
Bcl6b,100764025
Fbxo7,100753632
Sh2d4b,100758952
Hmgb3,100772377
Phka2,100754496
LOC100756313,100756313
Nwd2,100765896
B3galt1,100761765
LOC100761044,100761044
Znf277,100771775
Znf438,100761467
Mvk,100751653
Anp32a,100758072
Pdzd2,100774098
Pak5,100770198
Nectin3,100761089
Septin10,100761748
Ddit3,100763514
Dym,100764371
LOC100761706,100761706
LOC100760639,100760639
Tyro3,100772328
Tns2,100752687
Asah2,100765841
Adgrg4,100767655
Prpf4,100753511
Pmp22,100762867
Calml3,100766751
Slc41a3,100762387
LOC113838944,113838944
Lyve1,100759540
Cdc26,100753813
Znf384,100755622
Cgrrf1,100751644
Sctr,100758738
LOC100763181,100763181
LOC100763833,100763833
Slc4a8,100773077
Cdh2,100689204
Slc26a2,100762932
Uap1,100768154
Synpo2,100753383
Btbd18,100754420
Idh1,100758958
Map6,100757168
Ints2,100774909
Mtx3,100762251
Tm2d3,100771956
Supt7l,100757081
LOC100761821,100761821
Fgf14,100762042
Plekha5,100766035
Cavin1,100756349
Arhgap32,100767169
Tshb,100751072
Eif4e2,100764716
Usf2,100757386
Scn1a,100752032
Polm,100762233
Lyplal1,100759088
Actrt3,100768343
Ctnnd2,100752408
Camsap3,100772080
LOC103161599,103161599
Hypk,100753787
LOC100763055,100763055
LOC107979490,107979490
LOC113834687,113834687
Plrg1,100773980
Fyco1,100760712
LOC100770366,100770366
LOC118240031,118240031
Prrc2c,100750698
Kcnab1,100755538
Fcsk,100752219
Rhoj,100766581
Gne,100689450
Xrn2,100770311
LOC100760955,100760955
Shisa5,100767096
Wdr31,100752912
Sarnp,100771889
Tmem39b,100760474
Bet1,100761331
Trim72,100758604
Septin5,100769765
Mex3d,100757410
Kctd2,100757654
Atxn1,107978826
Bnip3,100774634
Nusap1,100762702
Frs2,100758678
Tbc1d23,100756156
LOC100774053,100774053
Ddx17,100774831
Mindy4,100773513
Cdip1,100773437
Tp53i13,100756451
Commd2,100770093
LOC100758095,100758095
Mcm2,100769958
Icam4,100761834
Ubxn6,100756826
Ccng2,100753075
Ndufc2,100766442
LOC113837201,113837201
LOC100769978,100769978
Alb,100768954
LOC100752448,100752448
Ahcy,100750969
LOC113832969,113832969
Dmrt2,100756035
LOC100752624,100752624
Bbs4,100755264
Wdr4,100765725
Dazap1,100756248
Specc1,100751699
Apba3,100763507
Ccdc126,100762153
Cep97,100757520
CUNH15orf62,103160658
LOC103159924,103159924
Ubqln4,100763773
Fundc1,100769595
LOC100756838,100756838
LOC103161025,103161025
Ralgds,100771841
Styx,100762262
Acot7,100755154
Ankrd23,100769457
Nudt19,100758176
CUNH9orf43,100755857
LOC100752326,100752326
LOC100773390,100773390
LOC100773876,100773876
LOC100765671,100765671
LOC113838934,113838934
Myo6,100765167
Galk2,100752083
LOC103159835,103159835
Rilpl1,100773536
Gba2,100772646
Tmc8,100774079
Txndc5,100766506
Kdm6b,100756212
Psat1,100760751
Znf410,100750868
Slc6a15,100758864
Pdcd4,100766922
Zdhhc13,100762324
Brwd1,100750709
LOC100766809,100766809
LOC113835001,113835001
Rufy4,100768601
Pdia4,100753458
LOC100769218,100769218
Dtl,100750427
LOC103159729,103159729
Tcerg1,100763776
LOC100755924,100755924
Cuzd1,100765370
LOC100757375,100757375
Chpf,100765856
Eif4e3,100759947
LOC113833884,113833884
LOC100769089,100769089
Rbm5,100755547
Abhd4,100767680
Qki,100750964
Dnah9,100770690
Tafa2,100759893
LOC100771351,100771351
Marchf7,100769757
Pla2g2a,100754136
Ndufa12,100757306
Bri3bp,100752052
LOC118237867,118237867
Gldc,100762555
Nek3,100771488
Acvr1b,100764812
LOC113837384,113837384
Adamts12,100772449
Rgs20,100755874
LOC103158836,103158836
Irx3,100773584
Lrrc41,100772217
Sap30,100763782
Capn15,100763096
Sphk2,100774790
Ifng,100768486
Kif20a,100773707
LOC113838012,113838012
Lpxn,100774643
Dscaml1,100763436
LOC107980431,107980431
Trim3,100760348
Git2,100756931
Cfap36,100766513
Cul2,100767582
LOC100759156,100759156
Eps15,100751122
Jade2,100758538
Stim1,100761301
Slc46a1,100757832
LOC100759591,100759591
Dyrk1a,100764478
Lhb,100689384
Tfb2m,100765415
Fbxo36,100753561
Abraxas2,100770738
LOC100757772,100757772
Txlna,100754216
Tgif1,100774130
Myom2,100757191
Pno1,100750394
Sbk3,100768358
LOC113838567,113838567
Gprasp1,100769500
LOC100760414,100760414
Rad51b,100756125
Ttc39a,100750827
LOC100760081,100760081
LOC107977705,107977705
Rangap1,100761972
Tapbpl,100752190
Efcab2,100768231
Serpinb7,100772732
Tfap2e,100761645
P2ry2,100689189
Nsd2,100763780
Klhl11,100750471
Ccdc81,100762831
LOC113832110,113832110
Prkch,100751001
Gcfc2,100766568
LOC100760811,100760811
Slc30a5,100772274
Riox2,100752945
LOC100752556,100752556
Sh3rf2,100762724
Slc27a6,100774029
Cep68,100754661
LOC113833705,113833705
Phlda2,100761127
Plau,100759384
Rbm12b,100762542
Tmcc2,100754306
Rmnd1,100767911
LOC100767286,100767286
Snap47,100759226
Prdm2,103158597
Stx17,100751748
LOC100774159,100774159
Utp14a,100771952
Nudt5,100772118
Cmip,100759767
Ino80c,100766878
LOC100755132,100755132
Rps4x,100689408
LOC100750593,100750593
Chad,100758456
Rnf34,100766863
Adgrv1,100766602
LOC100765285,100765285
LOC113836359,113836359
Gtpbp1,100773534
Tmub2,100754122
CUNH6orf118,100752122
Znf24,100763582
Ivns1abp,100753413
Rhod,100760521
Fsd2,100769907
Pacsin1,100759729
Acod1,100764165
Fam53c,100773129
LOC107980414,107980414
Mpv17,100766363
Agt,100773858
Fam118a,100764016
Esyt2,100761977
LOC100764131,100764131
Letmd1,100756020
Magohb,100772672
Ddx27,100758755
Hk2,100772205
Kcnh1,100764830
LOC100754299,100754299
Nob1,100761193
Akap10,100759380
Ngef,100773544
Thrsp,100766732
LOC100753016,100753016
LOC100769446,100769446
Qser1,100771261
Spata2,100759901
Smim20,100772426
Tti1,100758713
Nbea,100770254
Plekhh3,100759719
Usp53,100754736
LOC100758363,100758363
LOC100774196,100774196
LOC100752923,100752923
LOC118238937,118238937
Proser1,100753434
Cbfb,100765267
Zfp90,100759053
Bcl2l11,100771754
Enpp1,100750518
LOC100751005,100751005
Wdr83os,100768419
Tex33,100764215
Casp14,100771116
Rpp30,100764835
Kat2a,100774478
Strap,100751262
LOC100755951,100755951
LOC100761853,100761853
LOC107978449,107978449
LOC100763393,100763393
Nfatc2ip,100764196
Hoxa3,100761845
Usp18,100753049
LOC100769442,100769442
Atrn,100774269
Hars1,100757635
Crtap,100767159
Rpl23a,100761992
LOC100755641,100755641
Smpd1,100760557
LOC113838321,113838321
LOC100754807,100754807
Colec10,100753023
Lgr4,100752655
Secisbp2,100759811
Aco1,100766024
Gramd2a,100755941
Tmed7,100760020
LOC100772004,100772004
Daglb,100765603
LOC100756584,100756584
Styxl1,100757874
Cryz,100768247
Ppfia3,100770934
Flii,100756205
LOC100773545,100773545
Zbtb48,100759359
Hdhd2,100772344
Fez2,100765737
LOC100770404,100770404
LOC100773351,100773351
LOC100770340,100770340
Il36rn,100752490
LOC100757491,100757491
LOC103159222,103159222
Foxo3,100770315
Mat2a,100752327
Med26,100755356
LOC113839223,113839223
Wdr97,103159761
LOC118239356,118239356
Cenpj,100752517
Rpl30,103162454
Dctn6,100754783
Col23a1,100768117
Klhdc10,100764028
Arhgef5,100756445
Gas2,100764664
Rfng,100771257
Slc39a14,100768099
Dtx3,100764385
Ngrn,100771747
LOC100764874,100764874
Msln,100761360
LOC100759756,100759756
Nop14,100767594
Cacna1d,100772497
Nek5,100752822
LOC100761043,100761043
Trpc5,100754603
Ndufs7,100766693
Samd13,113833477
Pus3,100759712
Slc22a15,100774968
Tbp,100751579
LOC100754771,100754771
LOC100762189,100762189
Phykpl,100767825
Znf205,103161033
Dad1,100767387
Sorbs3,100768383
Fen1,100756103
Slu7,100765338
Isg20,100765291
Tpr,100753776
Cdv3,100767533
Aspg,100750655
Dnajc27,100756026
LOC113836241,113836241
Apobec1,100760326
LOC100762070,100762070
Nfib,100761735
Fut8,100751648
Blvrb,100768929
LOC100770030,100770030
Mkrn1,100773800
Ercc6l,100757441
LOC100765215,100765215
Phgdh,100774394
Cep126,100762281
Fbxo45,100761316
Irf9,100760392
LOC100761501,100761501
Mbd6,100757235
Mei1,100763620
Sik2,100754772
LOC100772162,100772162
Trappc1,100762000
Rmi2,100751512
Rbbp6,100773570
Gpbar1,100774722
Olr1,100771035
Mpi,100764596
LOC100774646,100774646
Trpm7,100752689
Fbxo31,100756007
Ppp1r18,100764073
Grhl2,100768148
Zc3h6,100755342
LOC100768184,100768184
Bcl7c,100753452
Creb5,100764159
Stk35,100750596
Pax6,100766953
Ubald2,100761186
Etaa1,100750682
Vps54,100768421
Arrdc2,100771761
Sh3tc1,100767341
Meaf6,100755375
Tardbp,100769142
Liph,100758084
Chrnb4,100763565
Mad2l1,100753081
Chac1,100762174
LOC100754902,100754902
Kirrel3,100762032
LOC113837487,113837487
Hormad2,100753726
Znf598,100768049
LOC113836344,113836344
LOC100774538,100774538
Rsad1,100768136
Camkk1,100768559
LOC113837350,113837350
Ranbp3,100771967
Spag9,100766397
CUNH14orf93,100765644
Mlf2,100766182
LOC100768432,100768432
Nadk,100755696
LOC100760165,100760165
Mrpl15,100755003
Vwa2,100771172
LOC100766213,100766213
Spidr,100771321
LOC113837960,113837960
Chfr,100771287
LOC100764225,100764225
LOC100750708,100750708
Sdc4,100760006
Cdyl,100763740
Fli1,100765706
Lix1l,100773392
LOC100766517,100766517
Arsl,100773060
Jpt1,100756788
Usp35,100765174
Os9,100758962
Eif3i,100753319
Mms22l,100768068
Rpn2,103158732
Htr3b,100764440
Tmem126b,100760417
Cse1l,100756434
LOC113836065,113836065
Chtop,100769194
Pknox1,100761855
Zmat1,100754864
Fnbp1l,100757842
Traf5,100760758
Mageh1,100764776
Dis3l,100767879
Sirt2,100768923
Stx1a,100759989
Timm10b,100759766
LOC100755766,100755766
LOC100754813,100754813
Odf2,100764598
Nfkbil1,100772871
Fam167a,100755242
Sdhc,100689402
Syncrip,100758906
Mgst3,100759236
Tep1,100753953
Ttll3,100774644
Rbm3,100689372
LOC113838661,113838661
Cnrip1,100773416
Slc9a6,100768229
Fan1,100762441
LOC100761700,100761700
LOC100760635,100760635
Ccdc163,100751337
LOC100775024,100775024
Dmtf1,100760330
Ptpdc1,100758995
Hmgn3,100758486
Nhsl2,100758299
Parvg,100753282
Zxdc,100771535
LOC100761082,100761082
Etfdh,100763190
Arid1a,100771997
Mef2b,118239495
LOC113838952,113838952
Elob,100772696
Sf3a1,100754437
LOC100763119,100763119
LOC100755245,100755245
LOC100773435,100773435
Fchsd1,100752340
Cdc37l1,100761473
LOC100773291,100773291
Stk38,100752740
Bard1,100750589
Lrrc58,100768513
Pcnx1,100762643
Isg20l2,100752909
Phldb1,100759254
Rps18,100752957
Cpsf6,100773290
Slirp,100759888
LOC100763859,100763859
LOC100766339,100766339
Loxl3,100760335
Vstm5,100752528
Gnl1,100757330
LOC100775101,100775101
LOC113838217,113838217
Snrk,100770428
Rab28,100768737
Wdr48,100752446
Mn1,100772060
LOC100756663,100756663
Whamm,100771047
Sult1b1,100764411
Yes1,100754562
Sumf2,100754619
Smim12,100765711
Zbtb39,100752450
Pcmtd2,100765664
Usp12,100764216
LOC100773653,100773653
Rnd3,100755904
Ssc5d,100767781
Sgca,100759521
Pop1,100754990
Gclc,100752019
Adgra2,100751137
LOC113835357,113835357
LOC103163162,103163162
Pla2g4e,100770894
Dnaaf1,100774628
Gbgt1,100771256
Itga10,100754198
Dhtkd1,100753689
Cyth1,100768404
Mettl18,100762157
CUNH1orf174,100768214
P3h2,100752370
Slc2a1,100753506
Becn1,100762045
Spart,100766989
Rhog,100761011
Dop1a,100763056
Bcr,100768252
C1galt1,100761169
Ctdnep1,100762001
Dtnb,100756605
Oca2,100758485
Sgk1,100771433
LOC100768930,100768930
Atp5mf,103160361
LOC100753112,100753112
Chl1,100760694
Zswim7,100760249
LOC113836649,113836649
LOC103163206,103163206
Sbf2,100764737
Appl2,100771802
C6H20orf27,100766674
LOC118238770,118238770
Tob1,100766688
C1r,100768476
Hsd17b4,103161104
LOC100765092,100765092
Pdzd8,100750380
LOC100768534,100768534
Clta,100758987
LOC100755019,100755019
LOC100772455,100772455
Midn,100755088
LOC100753375,100753375
Heatr3,100756422
Tchh,118237655
Pacs1,100768741
LOC100774129,100774129
Mir3535,114483095
Kif22,100751676
Ttll7,100767380
Znf513,100767727
Nlk,100689468
Plpp6,103162885
Tbata,100768040
Ube2c,100760884
Akap6,100756287
LOC100772781,100772781
LOC113838895,113838895
Dusp14,100768086
Mmp23b,100774158
Msl3,100760785
Muc13,100765089
Plpp3,100774527
Ncald,100766704
Mbd3l1,100770293
Cdk12,100758448
Kiaa0319l,100766589
Jag1,100750525
Itfg2,100768769
Fut1,100757047
Zswim9,100766500
LOC103158782,103158782
Rcc1l,100768632
LOC100756515,100756515
Oplah,100752451
Wnt4,100769003
LOC100752363,100752363
Pwwp2b,100772421
Kctd6,100765751
LOC100763904,100763904
LOC113833780,113833780
Abo,100772592
LOC100755972,100755972
Lgals2,100755021
Krba1,100774574
LOC100767016,100767016
Lrwd1,100766394
LOC100759689,100759689
Fosb,100755767
Pla2g4d,103158591
LOC100757534,100757534
Phyh,100774732
Slx4ip,100769336
Kcnj14,100775100
Cd101,100771961
Tas1r1,100759079
Igf2bp3,100764384
Knstrn,100759555
Qtrt1,100771664
Ddb2,100756705
Atg4a,100750721
Kif1a,100770614
LOC100756220,100756220
Xpo6,100750358
LOC118239354,118239354
Mgst2,100764249
LOC107977041,107977041
LOC113832141,113832141
Cxxc5,100758671
Alkbh1,100760177
Ssr4,100751465
Gna13,100689071
Cnpy2,100765645
Pus10,100755208
Rspry1,100759716
LOC100753459,100753459
Paip1,100764567
LOC100760309,100760309
Znf358,100767110
Robo3,100767075
Znf316,100767059
Ssr1,100767661
Atp6v1h,100754134
Pdp2,100762846
Stard4,100774302
Arfgef2,100773989
LOC100756494,100756494
Ankib1,100759287
Ccdc28a,100770774
Magix,100759147
LOC100773748,100773748
Rfc4,100763988
Acsbg1,100754767
Ythdc2,100772467
LOC100755549,100755549
Hikeshi,100762248
Coq3,100763494
Rspo2,100770908
Psmb9,100767386
LOC113838828,113838828
Chrdl1,100750419
Anxa7,100763423
Rap2c,100761576
LOC100768449,100768449
Rpa1,100772412
Rbmx2,100773395
Lipc,100756973
Mettl26,100770910
CUNH12orf60,100757398
Sars2,100769771
Parn,100771839
Efna3,100773125
LOC100751896,100751896
LOC113832236,113832236
Oxsr1,100774777
Asap2,100759382
Mon1a,100756332
Eps8l3,100753693
Ppl,100768727
C1H1orf43,100762908
Itga3,100758471
LOC100774174,100774174
Kif4a,100769995
Fabp3,100761139
LOC100767925,100767925
LOC103163998,103163998
Lca5l,100753975
Pwp1,100763407
Rac1,100756792
LOC100766839,100766839
Tmem210,100774345
Cngb3,100757356
Klhdc4,100768960
Sptbn1,100763016
Dusp6,100764365
Cep131,100762484
Ankk1,100751636
Itgb1,100763033
Nup58,100763296
Cct6b,100764422
Plch2,100769053
Zan,100756574
Pou6f1,103160795
LOC100755737,100755737
Spag17,100772829
LOC103161690,103161690
Hdgfl3,100768278
LOC100756381,100756381
Il15ra,100755321
Timp1,100770193
Ndp,100759937
Kiaa0895,100768942
Pdk4,100763413
Cabyr,100753647
LOC113838744,113838744
Mcts1,100762545
Dyrk2,100771845
LOC113831853,113831853
Nacad,100769774
LOC113839472,113839472
Helb,100771259
Csk,100755922
Ccnc,100764362
Cttnbp2nl,100757568
Ankrd40,100761647
Ldah,100774181
Fam185a,100761675
Arsj,100752184
Fnta,100752295
Cdr2,100765677
Rnf212,103159853
Ccdc146,100760217
Ostm1,100769449
LOC100760025,100760025
LOC113838362,113838362
Msrb2,100752302
Nup107,100769827
Skap1,100761440
LOC100771342,100771342
Ccdc103,100758187
Fam135a,100753684
Rad50,100755349
Dnajc24,100766077
Tm6sf2,100763183
Gtf2i,100771695
Wdr92,100774000
Gns,100770659
P2rx5,100772284
Srgap1,100755954
Rab2b,100774897
Cep135,100689465
Mmp9,100770707
Sec22b,100689313
Tgm3,100752403
Lair1,100773832
Manbal,100756897
Fndc1,100761672
Slc9a3r1,100689081
Vgll1,100767081
Zfyve19,100751587
Fads1,107977238
LOC100755127,100755127
Parpbp,100770705
Mylip,100760940
Hnrnpf,100771400
Qpctl,100757515
LOC118239350,118239350
LOC100774594,100774594
LOC100767932,100767932
Limk2,100760910
Mcrs1,100761535
LOC118239867,118239867
Edaradd,100765451
Ica1l,100764818
LOC113837894,113837894
Ube4a,100757349
Cfap74,100756275
Atp5po,100770018
Ebf2,100759162
Hnrnph1,100769493
Tenm1,100757724
C1H12orf75,103160432
Lrfn2,100772089
Dcps,100761162
Abhd17b,100773175
Acot13,100758652
LOC100763130,100763130
Dhx29,100768526
Rab23,100774694
Taf11,100758577
LOC100760815,100760815
Ift22,100768415
Fam25a,100774241
Taf4,100769929
Engase,100754028
Cyth4,100766937
Srxn1,100759653
Map4k3,100756760
Cisd2,113833500
Laptm5,100766375
Atp12a,100765522
LOC100766630,100766630
Msx2,100761249
C1H4orf46,100763477
Endov,100760952
LOC113831860,113831860
Riok1,100765917
LOC100769680,100769680
Rcn2,100758430
Ephx1,100750792
Gabpb2,100768222
Irs1,100755710
LOC100768763,100768763
Gstk1,100750404
Pfkfb2,100768313
Septin4,100753932
LOC100751393,100751393
Mrtfb,100771346
H6pd,100770090
LOC113836650,113836650
Impg2,100756357
Slc12a2,100769027
Kiaa0825,100754810
Thbs3,100756924
Dvl2,100762587
Dusp5,100758694
Pif1,100755109
Cdh1,100758185
Ttc5,100753061
Spem1,100764619
LOC100764150,100764150
Tfap2d,100754897
Msl2,100760221
Glul,100764163
Atl2,100758956
S100a16,100753026
Cnot10,100770796
Ryr3,100751569
Tmem14a,100752872
Exo1,100772338
LOC100765057,100765057
Pik3c3,100765741
Hsd17b1,100750866
Cmc2,100764782
Syde1,100752146
Lias,100757956
Cmc1,100753575
Dhx34,100766240
Setd2,100765637
Gpaa1,100766326
Atp6v1d,100762500
Cttnbp2,100754789
Ifi44,100760250
Nelfa,100769975
Immt,100762629
Slc25a35,100760373
Fblim1,100774941
Man2a1,100757006
LOC100768468,100768468
Dgat2,100774981
Dnm3,100772324
Slc2a12,100769616
Prss56,100764420
Ciao2a,100773305
Nedd9,100765156
Mfn1,100756764
Nrgn,100769932
Ppme1,100753403
Eef2kmt,100772867
LOC100768110,100768110
Cry2,100774356
LOC113837207,113837207
Tbl3,100754975
Itpripl1,100759110
Nr1h4,100763600
Tnfaip1,100758992
Gfra3,100752308
Tcea1,100755581
LOC100753273,100753273
Pdha1,100774853
Acaa2,100765829
Spred3,100765145
Cpne4,100763931
Ca5b,100768750
LOC100763569,100763569
Dnal4,100772767
LOC100767769,100767769
LOC100754055,100754055
Ropn1l,100759891
Tomm20l,100760379
LOC100755477,100755477
Mei4,100765662
Eef1akmt2,100771027
Pik3ca,100689251
LOC100763259,100763259
LOC100771469,100771469
Drap1,100765946
Ctse,100757212
LOC100763652,100763652
Ypel3,100770652
Rpl26l1,103163892
Srek1ip1,100761587
Fam20b,100772950
Fbxl18,100767914
LOC100767529,100767529
LOC100773418,100773418
Naa80,100753018
Tasp1,100769290
LOC100760792,100760792
Ift81,100765323
Trdn,100763964
Ctcfl,100759040
LOC107978680,107978680
Vash1,100757885
Ppp1r14a,100763398
Fbxo22,100756994
Ctsb,100756995
Pygm,100757350
Hscb,100769569
Zc3h13,100753716
Gnl3,100762471
Hp1bp3,100765369
Mcoln1,100771505
Znf26,100767846
Capsl,100757989
Tnfsf11,100768715
Fundc2,100754819
Rab34,100761520
LOC100751535,100751535
Man2b2,100770115
Parg,100769150
Avpi1,100759679
LOC100774152,100774152
Rnf39,100753435
LOC100765707,100765707
Snapin,100752727
Scaf4,100765380
Dhx38,100757501
Clcn7,100773701
Fam117a,100761276
B9d2,103160326
LOC100755476,100755476
LOC113838925,113838925
Doc2a,100773354
Spon1,100771703
Ndufaf4,100768936
LOC100760658,100760658
Mmp24,100761156
Rnf20,100754600
Rasip1,100751764
Ufl1,100768952
Snx29,100753883
Gatd1,100752248
Wdr1,100753279
CUNH16orf74,100757748
Nr2f2,100754351
LOC100770146,100770146
Rubcn,100754353
Ankmy2,100758778
Arhgap19,100765788
Prxl2a,100759727
Anks1b,100766915
LOC100768178,100768178
Ube2g2,100765997
Srp14,100761457
LOC100750542,100750542
Polr3b,100759724
LOC107977684,107977684
LOC107977792,107977792
Znf12,100757370
Adgrb3,100753086
LOC100757709,100757709
LOC103158637,103158637
Smc2,100759197
Prr14l,100771689
Cfap251,100753594
Depdc1,100767779
Mcm7,100770006
Ccdc194,113833396
LOC100754794,100754794
Lsm14a,100765260
Prkag2,100758649
Qprt,100755205
Ankrd46,100756375
Gab2,100771626
Tmed10,100759613
Tlk2,100771294
Card19,100758861
Iqsec1,100763049
C1ql1,100765437
LOC118237714,118237714
LOC100757322,100757322
LOC100757758,100757758
Tspan9,100770398
Rgmb,100753047
Herpud2,100772076
Utp11,100750974
Limd2,100774186
Wipi2,100759282
Cactin,100771890
Cep76,100760887
LOC103161999,103161999
Ykt6,100763402
LOC100767596,100767596
Il7r,100757700
Cald1,100763421
Pacsin2,100767688
C1s,100759777
Tpx2,100689332
Surf4,100772015
LOC100753222,100753222
LOC100766431,100766431
Letm2,100753490
Ube2t,100754089
Nsf,100770898
Prss27,100773057
LOC100766833,100766833
Rb1,100752928
Tubgcp5,100760018
Adgre5,100761362
Hltf,100751958
LOC100768480,100768480
LOC103161319,103161319
Tdgf1,100767483
Son,100769440
Tmem131l,100771764
Atf5,100769320
Chpt1,100750762
Acaca,100762904
Fam210b,100764549
LOC103159976,103159976
Tbcel,100767610
LOC100759692,100759692
Frg1,100770784
Brd2,100767103
Elovl4,100774858
Apc,100750563
Actg1,113830633
Glrx,100757688
Flad1,100774575
Jmjd6,100774658
Selenom,100762068
Bak1,100689368
Angpt1,113839205
C1H6orf89,100753933
Paip2b,100756683
Mctp1,100754238
Ift80,100767321
LOC100761705,100761705
LOC100771591,100771591
Mrps27,100757512
LOC100774011,100774011
Ipo11,100756698
LOC100762969,100762969
CUNH4orf45,118239519
Zbed4,100770580
LOC100752044,100752044
Dhps,100755665
Cdc42ep2,100768016
Dhx58,100754123
Ccdc107,100773807
Syf2,100753464
Rprd1a,100767756
Ltv1,100756424
Ercc4,100689044
Borcs8,100770611
Wdr89,100763001
Kcp,100761131
LOC118237712,118237712
Crkl,100752014
Hydin,100758841
Pdgfa,100771503
Dido1,100757601
Tbc1d8,100756640
Plcl2,100771671
Paox,100754371
Dpysl2,100759148
LOC100752747,100752747
Apeh,100761732
Mif,100766328
Ubb,100689268
Wif1,100766071
LOC103161173,103161173
Parp6,100750845
Map1lc3b,100769810
Pask,100771865
LOC100764102,100764102
Rnmt,100757713
Scamp5,100766634
Otud7a,100763787
Ube2z,100753214
Tlr2,100771475
Kcnab2,100765085
Chac2,100768240
LOC100759281,
LOC100772896,100772896
Acp7,100770630
LOC107978296,107978296
Slc9c2,100755156
Nova1,100764229
Cdc25c,100773417
Loxl1,100757882
Atp7b,100770719
Bcl11b,100768427
Krit1,100758813
Cp,100753849
Scaf8,100774924
LOC113837092,113837092
Dcaf15,100759899
LOC100756621,100756621
LOC100770202,100770202
LOC100772423,100772423
Gle1,100767037
LOC100773089,100773089
Marchf2,100754256
Nsmce1,100763072
Kcng2,100763959
LOC100771838,100771838
LOC100751341,100751341
Mbd1,100764668
Dlx2,100769245
Grik5,100757915
Zbtb6,100769203
LOC100750711,100750711
LOC103159818,103159818
LOC103161792,103161792
Phlpp1,100750559
Nmnat2,100761270
Kit,100751027
LOC103164394,103164394
Atp8b2,100751265
Gadd45b,100766127
LOC103163945,103163945
LOC100758812,100758812
Cep192,100756846
Cep83,100765559
Pld5,100750958
Cyren,100689364
Islr,100752905
LOC113837473,113837473
Natd1,100756496
LOC100753269,100753269
LOC100770674,100770674
Osbpl8,100764969
Tasor2,100766168
Uri1,100753065
Epm2a,100766433
LOC118237653,118237653
Ranbp17,100766027
Mael,100768422
Ints7,100750715
Dctn3,100753423
Il15,100772160
Arhgdia,100767064
LOC100771856,100771856
Abca2,100772799
LOC100759344,100759344
LOC100750497,100750497
Kiz,100770594
LOC100762389,100762389
Fancg,100689273
Skil,100765342
Adcy3,100770498
Pmm1,100771643
Bckdhb,100774277
Nrg3,100763774
Knl1,100755881
Cyp2a15,100689035
Stk17b,100753074
Ifitm5,100756384
Grin2d,100750615
Rmc1,100755875
LOC100757382,100757382
LOC103164105,103164105
Eif2s1,100761915
Arhgap22,100771443
Fbxo9,103159530
Rpp25l,100771203
Ndufb5,100757916
Nup42,100763799
LOC100765287,100765287
LOC113837366,113837366
Ube2w,100762319
Pdlim1,100756459
Lamb2,100762566
Tmem69,100774937
LOC100765898,100765898
Rab33b,100763953
LOC100774768,100774768
Pabpc1l,100762044
Cilk1,100752955
Trpm8,100754189
LOC100761692,100761692
Msantd2,100769065
Rab3b,100753094
Hs3st6,100766299
LOC100773177,100773177
Cpsf7,100770766
LOC100753643,100753643
Mtx1,100772542
Dkk4,100774676
Flnb,100769967
LOC103158858,103158858
LOC100774954,100774954
Ttc23,100768827
Foxo1,100768647
Clcn5,100754025
Erlin1,100754719
Rab3gap1,100765029
Anapc5,100766376
Dpyd,100765169
Dlgap4,100752581
Tmem147,100751744
Zcchc7,100750694
LOC100762287,100762287
Pom121c,100762026
Lpin2,100769904
Cdk2,100689039
Ralgapa2,100770884
Mpc1,100756279
Prkag1,100765754
St8sia4,100689217
Slc25a38,100757130
Tsku,100773814
Serpinb5,100774292
Ptgs2,100751220
Smarca4,100756329
Kiaa1522,100751553
LOC100755699,100755699
LOC107979851,107979851
Foxn2,100768700
Ctnna2,100766706
Saraf,100758545
Wdr82,100770692
Pak4,100760399
Atp5pb,100774535
LOC100773644,100773644
C5ar2,100766530
Adck1,100759124
Evc,100771932
Fkbp15,100756439
Negr1,100753024
Dnajc8,100771757
LOC103164565,103164565
Dus4l,100754261
LOC100752159,100752159
LOC100773349,100773349
Psenen,103161443
Zc3h12a,100754512
Magoh,100766467
LOC100766018,100766018
Cd151,100754541
LOC113837243,113837243
Cibar1,100762247
Klb,100758821
Simc1,100768496
LOC100774296,100774296
Uba3,100756784
Haus1,100770145
Brox,100772686
LOC100751294,100751294
Aig1,100757869
Gnptab,100774953
Slc25a18,100756941
Tmem42,100762638
Timp2,100772625
Tuft1,100771950
Csnk1g2,100758847
Ca9,100756257
LOC100767735,100767735
Dnaja4,100755057
Pgam5,100750483
Tfeb,100769893
Slc25a16,100761558
Ptpa,100770682
Coprs,100756315
Cacna2d4,100755076
LOC100759332,100759332
Ccdc157,100754911
Ywhaq,100751694
Tbc1d13,100769063
Nol8,100757996
Arhgap10,100775038
Rheb,100768233
Alg1,100773731
Asl,100756687
Hsbp1,100751023
Zbtb5,100750989
Efhc2,100770173
Smarcd2,100770817
Slc25a48,100756441
LOC103158994,103158994
Nrg1,100757907
Pcsk1n,100763113
Cldn6,100769217
Rpl38,100761990
Fbxo15,100750915
Gan,100760056
Pwwp3a,100766402
Slc1a5,100763902
Grn,100756647
Nanp,100764540
Mad1l1,100689352
Wdr59,100771324
Myo1f,100753360
Nhlrc3,100753138
Fn1,100751189
Rapgef1,100764804
Hps6,100773245
LOC100765120,100765120
Uvrag,100751375
Tpm4,100761146
Asap3,100751283
Ccdc173,100764424
LOC100755232,100755232
Znf449,100764457
Ago2,100760040
Prph,100768595
Ube2i,100751062
Mrpl32,100751170
LOC113837432,113837432
LOC100760567,100760567
Galnt9,100773797
Arhgef18,100770929
LOC100751955,100751955
LOC100774914,100774914
LOC113838166,113838166
Bcas3,100761557
C1H6orf136,100764372
Osgep,100754538
Ppdpf,100760588
Prmt3,100761738
Impa2,100763112
Selenbp1,100753899
Fhl2,100762607
Arhgap33,100774198
S100a10,100759158
Ube2k,100764110
Col4a2,107976999
Mthfd1,100763862
Zc3h10,100752630
Vars1,100769994
Rnf125,100775067
Fhad1,100752360
LOC100756717,100756717
Pate1,100762913
Hoxc5,100763415
Rab4b,100771205
Gmeb1,100769076
Cacng2,100769826
LOC103160048,103160048
Cd244,100753316
Rhebl1,100765176
Myh7b,100760866
LOC113838231,113838231
Mplkip,100769925
Dhx36,100771317
Gen1,100754800
Tbx15,100758330
Prickle3,100758570
Chcr2,100689020
LOC113836427,113836427
Nipbl,100772261
Aurkc,100762186
Tsg101,100752541
LOC113835048,113835048
Cped1,100766134
Trpc2,100689218
Mrps12,100760106
Pim1,100751275
Tlr3,100750454
LOC100768591,100768591
Thoc3,100751816
Tmem161b,100750852
LOC100773565,100773565
Ap1g1,100755260
LOC100760619,100760619
Hip1,100757209
Polk,100758099
Rarres2,100689253
LOC100762296,100762296
LOC100772286,100772286
LOC118238056,118238056
LOC100759940,100759940
Tead3,100765268
Anks1a,100755580
Eif4enif1,100762835
Mlycd,100759191
Taf7,100689466
Ing5,100755543
Npr2,100772356
Mien1,100760275
Rufy3,100774613
Eif4ebp1,100769654
LOC100752547,100752547
LOC118239164,118239164
Gpatch2l,100757412
Tmtc1,100763309
Sde2,100752836
Alg3,100772003
Scrt2,100761306
LOC100757535,100757535
LOC100768662,100768662
LOC100763438,100763438
Usp13,100768951
LOC100754226,100754226
LOC107977165,107977165
Fastkd1,100763353
LOC100769951,100769951
Znf689,100754342
Ccdc124,100753303
Lyrm1,100752175
Rack1,100767670
Sh2b1,100763243
Tmem260,100767682
LOC100756617,100756617
Dcun1d2,100757607
Fchsd2,100773820
Tagln3,100764031
Ecrg4,100763185
Ddx50,100766872
Tmem245,100766587
Prorp,100757198
Wwc3,100764186
Blm,100762862
Nfat5,100762834
Adam17,100684971
Acads,100774097
LOC100767818,100767818
LOC113838885,113838885
Zdhhc9,100772231
Tmem219,100774511
Sh3d19,100761657
Pin1,100773691
Nxn,100764280
LOC100751528,100751528
Cdh18,100751447
LOC100767651,100767651
LOC100767530,100767530
Rnaseh2b,100751948
Sike1,100753213
Stip1,100689413
LOC100765718,100765718
Ints10,100755256
Ak9,100752880
Dhx9,100765632
Mospd1,100768341
Pou2f1,100767850
CUNH12orf65,100770753
LOC100756730,100756730
Pdgfra,100760258
Unc13d,100757716
LOC100771018,100771018
LOC100757773,100757773
Rcn1,100769935
Ndufs1,100754223
C7H17orf75,100773076
Irs2,100771848
P2rx6,100757216
Sgtb,100773789
LOC100756552,100756552
Aldh4a1,100764994
Snx5,100772610
LOC118239329,118239329
LOC107977672,107977672
Cenpv,100761123
LOC103158895,103158895
Arhgef9,100768180
Ttc36,100758106
Oasl,100750489
Armt1,100768199
Ndufb8,100752642
Sec23a,100755854
Klf6,100750724
Tspo,100768847
LOC100764663,100764663
LOC113837349,113837349
LOC100769330,100769330
Rgs9,100774862
Marcks,113834282
Myl9,100753477
Pdcd10,100759439
Clk4,100759687
LOC100762666,100762666
Rab7b,100756922
Tyk2,100760469
LOC100769971,100769971
P3h4,100772453
Stab2,100774200
Gse1,100771241
Farsb,100760139
LOC103164387,103164387
Mical2,100763886
Gnai3,100689072
LOC113831705,113831705
Fam189b,100756337
LOC100754104,100754104
Tmem120a,100762905
Selenon,100763242
Tsr3,100751647
Znf644,100762160
LOC100751264,100751264
Ube2e3,100762619
Iftap,100754866
LOC100761998,100761998
Lrrc75a,100761414
Cnksr2,100752301
Tmem106a,100771590
Otud4,100771576
Ahnak,100753847
Calml4,100757500
Hdgfl2,100768234
Ndufab1,100765100
Dlgap5,100755750
Mrs2,100759806
Reln,100758172
CUNH2orf16,100763270
Gdi1,100760927
Tnip2,100769313
Auts2,100750545
LOC100766317,100766317
Mtif3,100763635
Obscn,100763304
Nfkbie,100757980
Rabl3,100762718
Uspl1,100754469
Tanc1,100770620
Cdkn2c,100774733
Npc1,100689424
Lrfn4,100759646
Scarb2,100771629
LOC113838279,113838279
Tpm2,100773233
Slc44a2,100757777
Clic4,100758280
Pink1,100757303
Mlec,100755466
LOC100750731,100750731
LOC103162324,103162324
LOC118237879,118237879
Cep250,100762321
LOC100763310,100763310
Fxn,100755339
Hsf1,100762942
LOC100771787,100771787
E2f5,103160151
Rpusd3,100774934
Kdm8,100762777
Tiparp,100755246
LOC100770984,100770984
Virma,100759227
Mtrr,100773236
Tmem68,100754539
Folr1,100689330
Larp4,100775073
Actl6a,100757342
Birc2,100756596
Vegfb,100759545
Arnt,100752106
Ercc1,100689377
Aasdh,100770305
Mecp2,100773625
Bod1l1,100769598
Acap1,100765780
Mpeg1,100755820
Cds2,100761349
Cnbp,100689247
Fdxr,100773278
Trak1,100772728
Mmaa,100772148
Ap5b1,100761023
Lmf2,100756570
Dennd2c,100758192
Lyst,100768280
Gas7,100768686
Ccl20,100756991
Atp6ap2,100768578
LOC100757858,100757858
Sestd1,100767556
Trim27,100771886
Ercc8,100755229
Fancl,100759885
Znf768,100758348
Socs4,100750379
Dph2,100689365
Hat1,100768382
Cisd3,100755651
Mtmr6,100766683
Spock1,100756151
Srpk1,100764390
Wdr53,100752565
Kcnh8,100773504
Paxip1,100774278
Cdk4,100760122
Tmem259,100753927
Cttn,100772651
LOC100759977,100759977
Mdm4,100752007
Thumpd1,100754766
Fgfrl1,100771678
Lpin1,100689029
Eva1b,100759036
LOC113837974,113837974
Atl1,100765875
Dolk,100768385
Tmtc2,100750470
Rgs4,100770449
Iffo1,100753382
Nt5m,100767091
Pcsk6,100771371
Phf1,100774330
Vwf,100750531
Hectd3,100762194
C4bpb,100773000
Pgf,100754799
Bace1,100762079
Cnot11,100760179
LOC113838057,113838057
Ndst1,100766710
Pde4d,100754362
Epg5,100770998
LOC113838156,113838156
LOC113833392,113833392
Gpi,100689468
Ca14,100760677
LOC100766036,100766036
Atp2a2,100751820
Rraga,100761704
Osbpl1a,100754425
LOC100762118,100762118
LOC100765930,100765930
Ofd1,100766913
P4ha2,100760683
Aff4,100756909
Il23a,100765061
Srsf3,100753039
LOC113837597,113837597
Ubl7,100752133
Exosc3,100753640
Glyr1,100771020
Icmt,100765763
Kif21a,100766958
LOC100753760,100753760
Ap1s2,100768456
LOC113837111,113837111
Pan2,100765354
Pcca,100765530
Vma21,100772090
LOC103163467,103163467
Ptprn2,100752531
LOC100750922,100750922
Slc27a1,100774950
Selenoi,100759003
Lin37,100754605
Tnrc6c,100770135
Spdl1,100765969
Mef2d,100754401
LOC100755571,100755571
Anks4b,100770300
Icam2,100750973
Ints6l,100768803
Frmd4b,100755616
Rfk,100767410
Rhobtb3,100757972
Dek,100767626
Dgkg,100757224
Ackr3,100774656
Max,100752515
Lsm4,100769464
Tfdp2,100759949
Pafah2,100770286
Tmco6,100757348
Ipo8,100762731
LOC100759219,100759219
Acp6,100751531
Anp32e,100751239
Btbd16,100762672
LOC107977349,107977349
LOC100751530,100751530
Ints5,100751877
Proser2,100771252
Smc4,100766744
Ntan1,100772842
Zdhhc24,100760813
Mtor,100755421
Rabep1,100773382
LOC100767416,100767416
Agfg1,100757749
LOC100757604,100757604
Gabra4,100755113
Casd1,100766850
Fggy,100763881
LOC100762694,100762694
Lyrm4,100764324
Arl15,100750883
LOC100753513,100753513
Unc45a,100765013
LOC113838632,113838632
Uckl1,100763963
Eif3l,100753359
Psors1c2,100759624
Stxbp6,100762497
Cebpg,100770190
Acr,100754856
Dclre1b,100759525
R3hdml,100770937
Nt5c2,100765193
LOC100753890,100753890
LOC100763422,100763422
LOC103162656,103162656
Tle2,100760606
LOC113839236,113839236
Fam107b,100751328
Trrap,100763987
Znf446,103163643
LOC100774126,100774126
Ate1,100774144
Def8,100759557
Kif9,100768828
LOC100763360,100763360
Slc9a1,100689320
Herc1,100772726
Muc2,100769711
Trim44,100757190
Rrad,100760818
Acp1,100773599
LOC113833199,113833199
Gla,100752709
Sirpa,100751480
Safb2,100759135
Taf4b,100768814
Thap3,100759647
Atp13a4,100752452
LOC113837291,113837291
LOC100751235,100751235
Yars1,100751260
LOC113835540,113835540
Cdc5l,100756825
Gramd4,100763433
LOC100757430,100757430
Dnajc1,100751540
Tsfm,100761292
LOC113837821,113837821
LOC113834827,113834827
Rpl13,100689376
Rnaseh1,100689390
Pygo1,100754925
Ano8,100751640
Chmp1a,100762678
Hic1,100767977
Perm1,100773289
Slc46a3,100756499
Rpl27a,100750602
Slc38a9,100767955
Snrnp27,100773920
Ccni,100752774
Sema6b,100769093
Ctdspl,100754751
Taf1c,100774138
Acrbp,100754463
LOC100758043,100758043
Cdk17,100753201
Slc38a7,100762550
Mtres1,100768017
Myo15a,100755330
Ssbp2,100753364
Rbm6,100755843
Csnk1g3,100773714
Umps,100756786
Cnot6l,100769928
Fmo2,100753345
Septin6,100768230
Noct,100766002
Wiz,100771986
Cfp,100763603
Grid1,100760535
Poglut2,100763723
Nkrf,100764046
Dpf2,100767725
Prag1,100774451
Cog4,100752814
LOC107977748,107977748
Zc3hc1,100755531
LOC100769293,100769293
Tubb6,100689363
LOC100753238,100753238
Mgat5b,100771275
Tdrd12,100756144
Hells,100754676
Fkbp9,100768635
Tada1,100768714
LOC100755450,100755450
Tac4,100761569
Inhbb,100759312
Usp3,100751435
Atrip,100762140
LOC107978448,107978448
Slc39a3,100774781
Ndufc1,100766880
Poli,100757066
Tyms,100754276
Zc3hav1,100769484
Kbtbd8,100751978
Rpl7l1,100769012
Top2b,100770041
Rps25,100759466
Pik3r1,100750761
Dhx32,100757757
LOC100762375,100762375
Ltbp4,100769492
Dnase2,100763100
Ccdc78,100761067
LOC100770169,100770169
Tgm2,100759289
Dnajc28,100769155
Frrs1,100756307
Slc26a11,100757714
LOC100754298,100754298
LOC103164241,103164241
Hes1,100752756
Znf655,100752055
C3H11orf98,100755591
Atp6v0e1,100769759
Ldlrap1,100762953
Nxt1,100763994
Ddx10,100752733
Wdr70,100772849
Prkci,100765819
Hlx,100756486
Ubac1,100760641
Plekhm1,100766166
Eif4h,100770352
Chn1,100755161
Sugct,100770206
Dtd2,100752381
Cars2,100765566
Gin1,100769872
LOC107977425,107977425
Fut11,100758336
LOC100754396,100754396
Mid1ip1,100762177
Plekha4,100752943
Vcpip1,100763244
Nipa2,100759242
Usp4,100771478
Clasrp,103164071
Wipf2,100771618
Ywhab,100757122
Samd1,100760482
Tst,100689314
Klf3,100762113
S1pr2,100689183
Prep,100770750
LOC107980407,107980407
Efcab8,103160902
LOC100757091,100757091
Steap3,100761057
Kifc2,100754821
Rhobtb2,100770205
Aff3,100758079
LOC100770272,100770272
Ndufa4,100766611
Dennd5b,100762143
Thbs1,100760878
LOC113838539,113838539
Tmem25,100758390
Procr,100754100
LOC103158763,103158763
Cables2,100765141
LOC100750378,100750378
Arhgef25,100758200
LOC100758637,100758637
LOC100763173,100763173
LOC100763172,100763172
Rasa4b,100765808
Zdhhc16,100757953
Znf25,100769977
Ift74,100765142
Cd96,100769835
Nolc1,100773818
Dyrk1b,100762532
LOC113837369,113837369
Ckap4,100766532
Pld3,100763114
Pkp3,100757260
Rbm33,100773692
Krt8,100759488
LOC113834500,113834500
Hoxa2,100761561
Bbs9,100768362
Ctps2,100758964
LOC100769886,100769886
Cuedc1,100765982
Lrrfip2,100768841
Cct8,100761027
Atp1b3,100765669
Pfkp,100751501
LOC103161085,103161085
Znf786,100754057
Scamp4,100758561
Iars1,100754316
Actr1a,100750704
Unc5c,100762557
Acbd6,100750555
LOC100762752,100762752
Actr8,100771927
Cntn4,100765906
LOC113838507,113838507
LOC100772588,100772588
Lama3,100755004
Abcf3,100772769
Atp6v0d2,100758035
LOC100766941,100766941
Tex101,100689441
Gnptg,100772246
Slc24a1,100773154
Cd164,100751988
Gprin1,100767353
Faf1,100774441
Vps35l,100774713
Stx11,100757009
Parp8,100752502
Nln,100774083
Ptov1,100767703
Shq1,100753163
Cmah,100689391
Cstb,100768687
LOC100765350,100765350
LOC113835201,113835201
Pi4k2a,100766663
Slitrk5,100767298
LOC100753949,100753949
LOC103158537,103158537
Gpalpp1,100768616
Nfkbid,100772746
LOC107977022,107977022
Catsperd,100771676
Armc5,100772037
Tmem116,100762787
LOC100759697,100759697
Rpl27,100769867
Shkbp1,103159368
Bcl7b,100760574
Tmem256,100764915
Lman2,100772915
Znf48,100753454
Lta4h,100753500
Tacc3,100765245
Cc2d2b,100763170
Insig1,100689080
Fancd2,100757761
LOC100760909,100760909
LOC118237636,118237636
Mrpl57,100759801
Cib2,100753997
Brd1,100770868
Cir1,100771162
Fdft1,100689192
C1H19orf44,100758930
LOC113837549,113837549
Vps33b,100771457
Cacfd1,100769716
LOC100773350,100773350
Ikbke,100761646
LOC100760666,100760666
Raver1,100760971
Cngb1,103159708
Psmc6,100762558
Tamalin,100764514
LOC100753241,100753241
Mrpl35,100762335
Tgs1,100755697
Htra4,100754379
LOC100751550,100751550
Parp10,100757141
Ap4b1,100759820
LOC113835722,113835722
Pgap6,100758458
Trim67,100765893
LOC100775016,100775016
Ring1,100766521
Rpgrip1l,100771072
LOC107979701,107979701
Ccdc138,100761168
LOC100754361,100754361
Samd12,100753622
Aprt,100765665
LOC100763571,100763571
LOC113833403,113833403
Grpel1,100768386
LOC100757571,100757571
Abca7,100764464
Cacnb2,100774766
Spns3,113836784
Spty2d1,100752246
Clec3b,100760600
Ak8,100767050
LOC107980001,107980001
Tlcd3a,100763695
Tsc2,100755849
Fat3,113835159
LOC113837005,113837005
Slc35f5,100760455
Tnnt2,100756913
LOC113836938,113836938
LOC100771943,100771943
Pnkp,100767996
Pola1,100758493
Oard1,100756378
LOC100764070,100764070
Yeats2,100759076
Ppp6r2,100755203
Pnisr,100763778
Arhgef39,100773515
Med17,100752831
Gpr25,100766966
Ly96,100689342
Cmtr2,100754099
Hus1,100754140
Tsn,100689410
LOC100771908,100771908
LOC113835691,113835691
LOC100766031,100766031
LOC100761504,100761504
LOC100756330,100756330
Hsf4,100758969
Rpl35,100750707
LOC100750355,100750355
Dhrs3,100756186
Rufy2,100762128
Phf23,100762291
Sertm1,100766696
Gys1,100769788
Psmg2,100761174
Slc4a2,100762427
Ahr,100682538
Exoc6,100751436
Pcolce2,100766545
LOC100760577,100760577
Sipa1l1,100762052
Gucd1,100767981
Capn10,100752300
Mrpl54,100763792
LOC103164338,103164338
Tatdn3,100766141
LOC100753528,100753528
Tax1bp1,100760869
Slc15a2,100766001
Rbbp4,100757871
LOC103158671,103158671
Elmo1,100759062
LOC103164555,103164555
Fhod1,100760903
Crybg1,100774444
Mis18a,100766257
Pex5,100689015
Prkcd,100774348
Them6,100765574
Nt5dc2,100763624
Pgpep1l,100769686
Rock1,100770074
Armc6,100752507
Bdnf,100768664
Cdca7,100774637
Shprh,100765358
Slc20a2,100689023
Fam199x,100757918
Gmfg,100760695
LOC103163647,103163647
LOC113832329,113832329
Fem1b,100761263
LOC118238206,118238206
Mad2l1bp,100758818
Ptger4,100769862
Snx14,100767333
Topbp1,100761910
Anxa6,100759027
Papola,100760982
Fpgt,100769105
LOC100754769,100754769
Tmed9,100769941
LOC118239811,118239811
LOC100773480,100773480
Nfyc,100753923
Wdfy4,100757936
Capn1,100758636
Cxcl11,100771051
Plcz1,100754031
Casp8ap2,107980090
Ctnnd1,100753529
LOC100771565,100771565
Rrnad1,100752610
LOC113830680,113830680
Lto1,100758599
Syn1,100766138
Clpx,100774494
Mcfd2,100764995
Tcp11l1,100771847
Pld2,100752582
Tprkb,100767700
Lmln,100755325
Plin3,100758170
Ror1,100756992
Sfn,100769890
Calcr,100765683
LOC100773683,100773683
LOC100755423,100755423
Ppp1r21,100771957
CUNH12orf43,100756058
Lamtor1,100750343
Xpc,100764712
Stard3,100759029
Zbtb38,100765090
Pdss2,100768592
Yae1,100769054
Rps6kb2,100760227
LOC100771888,100771888
Snx4,100755911
LOC100761177,100761177
Sh3bp4,100771254
Sidt1,100767535
LOC118239749,118239749
Pag1,100767029
Vps51,100767235
Chmp1b,103164052
Adh7,100759210
Hdac1,100752721
Fam161b,100754415
Traf6,100753700
Eif2b5,100773826
LOC103160605,103160605
Pcgf2,100755947
Retreg1,100766605
Hsph1,100689462
LOC118239134,118239134
Atp5pf,100756936
Wdr25,100768146
LOC118239690,118239690
St3gal4,100689440
Ttc29,100772969
Cwc25,100756522
Clstn2,100763054
Dgka,100769779
LOC113838158,113838158
Sbk1,100764792
LOC113836802,113836802
Ppm1e,113836769
Tmem216,100772399
Commd10,100769692
Paics,100758991
Tmem127,100758246
Zbtb8a,100751842
Rnf151,100766591
LOC100689008,100689008
Ubc,100689267
Tlr7,100767608
Dpp10,100761750
Gpc6,100767906
Stap2,100755958
Atp11c,100756336
Ufsp2,100769508
Cog1,100752570
LOC100762786,100762786
Plxnc1,100766140
Rhbdl2,100770158
Dbi,100761641
Tnfrsf19,100765517
Shpk,100771420
Arhgap8,100760345
LOC100752607,100752607
Slc1a6,100770833
Eef1e1,100689310
Abitram,100768046
Meioc,100763401
Utp6,100761515
Snrnp200,100758820
Cnih2,100768448
Ift52,100772375
LOC100771742,100771742
Med1,100758159
Kmt2b,100750575
Slc9b1,100766358
LOC100770859,100770859
Cand1,100768210
Tsc22d4,100750804
LOC100753006,100753006
Ttbk2,100769455
Antxr2,100689461
LOC100767638,100767638
Gnpnat1,100761974
LOC100770025,100770025
CUNH17orf58,100767946
Dtx4,100755527
Amer3,100750361
Atxn7l2,100773539
LOC118237706,118237706
Smyd5,100769992
CUNH1orf109,100753330
Coq8b,100770066
Dnah1,100765769
Usp34,100756675
LOC100758479,100758479
Sh3yl1,100752304
Srrm1,100757992
LOC100757275,100757275
Atpaf1,100770122
Rexo5,100751890
Iyd,100766759
Gab1,100753832
Mapre3,100761531
Akap7,100757731
Barx2,100765416
LOC100772967,100772967
LOC100761404,100761404
Ambn,100773253
Pam16,100689177
Tbcc,100772749
Rps24,100754112
Bccip,100757180
Caap1,100766887
Psmg4,100758919
Sdhb,100771246
Crip1,100754628
LOC100770382,100770382
Tmem186,100769346
Tbc1d10c,100760518
Wbp2nl,100764498
LOC100760405,100760405
LOC113838428,113838428
LOC100752571,100752571
Rbp7,103158563
Hdhd3,100752613
Rtel1,100762036
LOC100751524,100751524
Pttg1ip,100756425
Sdf2l1,100775047
Ints13,100757147
Dnm1l,100750819
Ociad1,100763441
Itgb1bp2,100753749
LOC118237810,118237810
Cdk1,100766716
Zeb1,100762046
Cacna1c,100754788
Ctc1,100752986
Arf5,100759676
Rnf146,100760329
LOC118238616,118238616
Cacul1,100751838
LOC113837159,113837159
Stac,100770454
Armc2,100751417
Cenph,100771123
LOC118238204,118238204
C1galt1c1,100751243
LOC100773833,100773833
LOC113838083,113838083
Srsf6,100771875
Pih1d1,100772372
LOC118239297,118239297
LOC113831736,113831736
Ccdc172,100767515
CUNH11orf80,100761684
Mrpl2,100773905
Irf5,100753482
LOC100762374,100762374
Sun2,100773056
LOC100761799,100761799
Tyw5,100773600
Tac3,100762356
Rif1,100771823
Gpbp1l1,100750460
Anxa1,100768079
Aoc2,100762635
Duoxa1,100750838
Nono,100757453
Ing1,100767785
Ckap2,100771975
Adprh,100761196
Coq7,100762279
Hnf1a,100774677
Tecr,100761652
Cacnb1,100757399
LOC100753320,100753320
Olfml2b,100772466
Mepce,100754545
Ddx21,100771185
Miga1,100758334
Scarf1,100767435
Trip11,100760148
Mxd3,100764445
Mgat4a,100766200
Dffb,100768492
Dusp12,100775069
Hdac7,100766171
Msn,100751956
LOC113833389,113833389
Nudt15,100761298
Cdan1,100756905
Eif1ad,100765365
Tmem132d,100762048
Abtb1,100767751
Idua,100767663
Rpl34,100753386
LOC100765869,100765869
Hivep2,100760180
Snrnp70,100770370
Tgfa,100754730
Acot11,100752371
LOC100772756,100772756
LOC118237675,118237675
LOC100763152,100763152
Abca12,100750884
Lsm3,100765189
Grk4,100767022
Cluh,100766235
Akt1s1,100768286
Mrps6,100770304
Crocc,100770958
Ddx47,100751146
Ly6e,100768302
Mppe1,100689457
Krt80,100771547
LOC100752562,100752562
Gabarapl1,100771320
Odf1,100767282
Piwil1,100758611
Dzank1,100767139
Ubl5,100764154
CUNH11orf16,100752651
Kctd13,100753748
Lekr1,100754957
Cables1,100752271
LOC100772951,100772951
LOC118238328,118238328
Arpc1a,100775083
Dok3,100763567
Fgfr1op2,100756667
LOC100771117,100771117
LOC103161741,103161741
Rad54l2,100773503
Pea15,100736554
Phf13,100760522
Chmp2b,100773840
Ppwd1,100761004
Pc,100758970
LOC100761654,100761654
LOC103160536,103160536
Nrp1,100763324
Mis18bp1,100768675
LOC118238399,118238399
Srp54,100756776
Cntnap4,100760772
Grid2,100769746
Dram2,100772594
H1-6,100752306
Gps2,100766072
LOC113837422,113837422
Cemip2,100759479
Zmynd15,100751418
LOC118238570,118238570
Exosc4,100766618
Ikbkg,100759762
LOC100763972,100763972
Atp10d,100755398
Anks6,100771869
Exoc5,100769231
Disc1,100772120
Slc10a7,100770143
Ermp1,100760334
LOC100757582,100757582
LOC100757828,100757828
Cbr3,100689021
LOC113835151,113835151
Fance,100765848
LOC113835015,113835015
LOC100762382,100762382
Bpifb3,100756247
Rnf123,100760863
Rps9,100767024
Ftsj1,100766807
Stx8,100774833
LOC100762761,100762761
Lig3,100765011
Pcdhgc5,118239987
Cul4b,100763989
Myh9,100773282
Pfn2,100770381
Sub1,100773803
Abhd17a,100769196
Pkd1,100768622
Arl6ip4,100772007
Klhl42,100757442
Lrrfip1,100689055
Mavs,100764931
Ube2l3,100750565
Zc2hc1a,100756742
Rerg,100756816
Arfip2,100760054
LOC103161357,103161357
LOC113837622,113837622
Usp28,100756704
CUNH4orf19,100769651
Tas2r40,100774885
Dnajc11,100760814
Eif3k,100766600
Tgm1,100757784
Ube2d1,100773215
Zbtb40,100765922
Fam104a,100762576
Slc25a1,100751442
Flcn,100760396
Yjefn3,113833387
Purg,100756819
Coq9,100765748
LOC100763611,100763611
Ell,100767546
Eif2b3,100753584
Rpl18,100774500
Cpsf3,100758811
Tbc1d12,100756724
Nudt1,100770207
LOC100762478,100762478
Col12a1,100752735
Med31,100759823
Lars2,100758963
Taf5l,100768389
Asic1,100751471
LOC100751660,100751660
LOC100772757,100772757
Rexo2,100768560
Sf3b2,100764490
LOC100773165,100773165
Ank3,100767295
Chchd1,100758627
Ddhd2,100772516
Rab40b,100752351
Fgd5,100775006
Glra3,100758207
Hnrnpm,100753958
CUNH3orf52,100770415
Nfyb,100765985
Kazald1,100750725
Golph3,100750982
Rab20,100767205
Acot9,100761882
Eppk1,100757722
LOC100758257,100758257
Zmynd11,100753657
Ttll9,100755087
Otub1,100758975
LOC100765635,100765635
Fam110b,100754309
Ybx2,100761419
LOC113836911,113836911
Chcr1,100689019
LOC100753059,100753059
Mkrn2os,100768732
Slc35e3,100772125
Drg1,100764489
Gmip,100758734
Srsf7,100758380
Cep55,100752217
Por,107976996
Arf1,100757864
Sparc,100760092
Top2a,100689304
Col6a6,100769833
Ctps1,100689101
LOC100757154,100757154
LOC100763057,100763057
Znf365,100756150
Cxcl9,100770763
LOC103162905,103162905
Map9,100773111
Adamts7,100756390
Spata20,100767844
Fam193b,100770223
Pdcd2l,100764678
Tnrc18,100768203
Ptpmt1,100763640
Hexa,100750552
Bin3,100769924
LOC100750669,100750669
Tspan3,100765318
Cavin3,100753764
Smc1a,100758263
LOC100751452,100751452
Pygo2,100759420
Ttc39b,100763584
Bahcc1,100754288
Slc7a6,100760403
LOC103161079,103161079
Tma16,100753215
LOC100769008,100769008
Clcn1,100751277
Ttll8,100754335
LOC100772221,100772221
LOC118239939,118239939
Ptpn18,100773051
Stk11,100765813
LOC100763290,100763290
Htt,100764729
LOC100756512,100756512
Bmt2,100765096
Osbpl10,100751799
LOC100758657,100758657
Pef1,100759974
Dspp,100754381
Dppa2,100760093
Tmprss13,100771347
Aars2,100754221
Fancf,103161842
LOC100769335,100769335
LOC100773658,100773658
LOC113832619,113832619
Gulp1,100759296
Mapk8ip3,100750767
Pld1,100689404
LOC100758876,100758876
Huwe1,100757403
Gal3st3,100769025
Nfs1,100756727
CUNH16orf90,100764781
Carhsp1,100764910
Tk2,100766785
Zbtb32,103161446
Dglucy,100753550
Elmod3,100775058
Kiaa1191,100751525
Mfsd9,100760470
LOC100771534,100771534
Wrap73,100769815
Kiaa0930,100759763
Cdca4,100770517
Gpr18,100764954
Lysmd4,100767361
Prelid3b,100689354
Lcn10,100762990
Lrif1,100773363
Pter,100767284
LOC100762783,100762783
Ndufaf2,100755520
Galt,100752522
LOC107978407,107978407
Nol9,100768603
Tgfbrap1,100762020
Srp68,100760316
Tspan4,100757053
Gpr143,100773343
LOC100760753,100760753
LOC100765300,100765300
Ssr2,100758563
LOC100757426,100757426
Pafah1b1,100764774
Ears2,100765390
Ppp1r16a,100753406
Tssk4,100758937
Sntb2,100754410
Fkbp11,100766921
LOC103158594,103158594
Pnldc1,100762328
Kcnk5,100760223
LOC113836469,113836469
Garre1,100764974
Nfe2l2,100752102
LOC100756511,100756511
Fbxl13,100761383
Zfyve1,100769982
Tmppe,100770229
Ech1,100768055
Galns,100753973
Mybpc1,100772436
Helz2,100767179
Cc2d1a,100767087
Fam114a2,100768819
Mrfap1,100769822
Slc66a3,100764349
Tkfc,100765605
Mpdu1,100689049
LOC118238144,118238144
Sting1,100758381
Gjb5,100764845
Sec22c,100772147
LOC100765613,100765613
Adprs,100762798
Cacna1h,100762221
Bcl2l2,118237609
LOC100769223,100769223
Phf21a,100751419
Lrrc8d,100766233
LOC103158665,103158665
Wdpcp,100769859
Sp4,100770723
LOC103163468,103163468
LOC100757262,100757262
Nckap1l,100770185
Crtc3,100751622
LOC100758661,100758661
Prdx2,100689349
Snap23,100757957
LOC113832366,113832366
Ebag9,100768914
Wrn,100753909
Fyn,100772355
Nufip1,100768910
Znf398,100754349
Pdpr,100772770
Slc35a2,100689031
Rad51ap1,100772698
Cln8,100757767
Zcchc24,100754690
Zkscan1,100773451
Iqcm,107977012
LOC113831744,113831744
Cep72,100761899
Ranbp2,100762334
Jdp2,100759902
Morc1,100759800
Gpbp1,100766572
Casp7,100766857
Osgin1,100750726
Rdh8,100773401
LOC100767743,100767743
LOC113838500,113838500
Ptk2,100759464
LOC100769624,100769624
Slc25a19,100769919
Ptgr1,100756865
Tmem35a,100771279
LOC113836537,113836537
Mvb12a,100755066
LOC100767889,100767889
Sumo2,100689105
Tmem70,100762615
Nup54,100770480
Prdm10,100756394
Tex261,100756382
Fosl2,100755919
Rnf217,100762229
Akap8l,100754234
Elp4,100766660
Mxd4,100771318
Wfs1,100770775
Gatb,100751606
Ralyl,100771364
Ccdc169,100767466
Rbm19,100750733
Npr1,100752423
Pjvk,100766395
Wdr27,100774192
Nr4a2,100766422
Abcc1,100689208
Adgrf3,100758712
LOC100760820,100760820
Cic,100756465
Ttc39c,100754711
Fbxo30,100765066
Tctn3,100758203
Prpf3,100762116
LOC100773171,100773171
Ggt7,100752303
Kctd10,100752520
LOC100750739,100750739
Eef1a2,100760295
Dlk2,100754430
Ncaph2,100756862
Cmc4,100754531
Ube3b,100752226
Rab5c,100754413
Anapc16,100759455
Comtd1,100762102
Dclk1,100768340
CUNH16orf95,100756293
Rsf1,100769141
Tsen2,100768441
Arhgef2,100758849
Atraid,100772507
Armcx4,100753309
Brap,100763856
Fnip1,100763470
LOC100769726,100769726
Rusc2,100757420
Camk1,100755149
Wdr36,100773715
Wdr7,100762510
Asb8,100753972
LOC100764437,100764437
Asic2,100762972
Rims4,100761753
Slc25a34,100771069
Fancc,118237590
Taf1,100751131
Setd3,100768717
Gsto1,100758427
Agps,100756809
LOC100774747,100774747
Lhfpl6,100772013
Sox5,100763944
Zfand6,100757272
Tbl2,100756139
Pde2a,100750420
Tmem144,100763761
Cenpu,100753571
Timm50,100773512
Creb3,100772940
LOC100765403,100765403
Khk,100763359
Mcm5,100756580
Zfand4,100768161
Carmil1,100757310
Fam241a,103163242
Ppard,100755002
Riok2,100758835
Fkbp7,100766686
Kif3b,100753120
Tmprss6,100762768
Pfdn5,100768547
Cpsf4,100773929
Atxn10,100756095
Nucks1,100761063
Zfhx4,100764869
LOC100754357,100754357
Mblac2,100767767
Pxmp2,100774960
Mlf1,100758216
LOC100757388,100757388
LOC113838987,113838987
Atp2b2,100759670
Cops6,100774513
LOC100750728,100750728
LOC100766661,100766661
Ccdc151,100754389
Lhpp,100771604
CUNH6orf47,100760681
Clns1a,100768284
LOC100753254,100753254
LOC100755455,100755455
Brd9,100761427
LOC113831780,113831780
Crim1,100765449
Sh3bgrl2,100752409
Nutf2,100753217
Dda1,113833397
LOC113838589,113838589
Kat7,100757223
Sgsm2,100767108
Neurl4,100761129
Rnf17,100753029
Cfap77,100773386
Dock7,100758142
Ciapin1,100760880
Tbrg1,100754471
Dock8,100757085
Tbck,100760451
Grb10,100760784
Ap2a1,100772481
Borcs7,113831943
Prr12,100767720
Dnajc5,100763676
Cramp1,100764850
Znf219,100752937
Ankrd55,100766888
P2rx3,100758483
Scaper,100764741
Zfp91,100751041
Nt5c,100757075
Cops5,100767044
Elf3,100754961
LOC100771360,100771360
LOC113836791,113836791
Cntf,100774933
Mks1,100751654
Slc16a2,100762444
LOC100754481,100754481
Sox30,100763103
Zbtb2,100767625
Ankrd13d,100762256
LOC103164495,103164495
Tmem107,100761242
LOC100763889,100763889
Mrps18a,100753780
Gpd2,100766128
Ntrk2,100754339
Atg101,100763923
Lrrcc1,100773971
Cbx8,100756264
Slc23a2,100761922
Marchf1,103162266
LOC118237972,118237972
Sspn,100758385
Gjb3,100765420
Arhgap6,100763825
Mrpl28,100754102
LOC100753546,100753546
LOC113833951,113833951
Nr2f6,103163676
Pianp,100755915
Mettl23,100771861
Tbc1d17,100768569
Sh2d1b,100768725
Lcorl,100769778
Ssh3,100761968
LOC100765911,100765911
Tgfbr1,100772727
LOC118239016,118239016
Ccm2l,100773603
LOC100761081,100761081
Hmg20b,100771597
LOC100766106,100766106
Crppa,100759830
LOC118237656,118237656
Phax,100756807
Arf4,100769922
Fbxl17,100757296
Lif,100758301
Parp14,100758989
Pcp2,100768267
Cct3,100755267
LOC103160523,103160523
Vnn1,100750608
Vtcn1,100772241
Fst,100774874
Itgal,100770691
Kif18a,100770187
LOC100753856,100753856
Urb1,100766838
Xpo4,100760974
LOC100764983,100764983
Catsperg,100764558
Gpt2,100768176
LOC100760996,100760996
Msrb3,100766560
Wdr26,100759638
Sulf2,100772828
Mapre2,100765710
Igf1,100751642
Prpf39,100756682
Pdia6,100766687
Cenpe,100771167
Tnk2,100754061
Helq,100767150
Katna1,100759022
Vwa8,100769573
Rpl11,100751864
Esyt1,100767105
Cdhr2,100774943
Larp6,100756813
LOC100753137,100753137
Adgrg2,100754781
Arsa,100754567
Ccdc40,100756847
Nop16,100751232
Sfxn1,100760674
CUNH2orf80,100762054
Rnf122,100761134
Spocd1,100773782
LOC100769471,100769471
Taz,100758692
LOC100750653,100750653
Emc2,100769760
Phactr2,100758161
Kcnc3,100773356
Pfdn4,103159810
Camk4,100774010
Med27,100760726
Psmd2,100750425
Snx25,100769737
LOC100768304,100768304
LOC100767630,100767630
Pigq,100769477
Cep57,100762024
Kcnb1,100759046
Spata33,100762386
Agfg2,100755409
Kirrel1,100774583
Rcbtb1,100765290
Fcho2,100760398
Sec24b,100767043
Tlcd1,100762280
Tnfrsf25,100755530
Cnnm4,100772810
Cstf2,100770425
Spop,100756346
Rps6kb1,100757513
Eaf2,100765712
Edem3,100755846
Ppp1r10,100765643
LOC100767232,100767232
Plxnb2,100754620
Ndufaf1,100762410
Znf326,100767973
Thoc1,100770844
Cdh13,100751312
Capn6,100773921
Tpi1,100767338
LOC103158703,103158703
Hoxd3,100757961
Tfrc,100689395
Gpsm3,100766237
